-- phpMyAdmin SQL Dump
-- version 5.1.2
-- https://www.phpmyadmin.net/
--
-- Host: localhost:3307
-- Generation Time: Feb 25, 2026 at 09:14 AM
-- Server version: 5.7.24
-- PHP Version: 8.3.1

SET SQL_MODE = "NO_AUTO_VALUE_ON_ZERO";
START TRANSACTION;
SET time_zone = "+00:00";


/*!40101 SET @OLD_CHARACTER_SET_CLIENT=@@CHARACTER_SET_CLIENT */;
/*!40101 SET @OLD_CHARACTER_SET_RESULTS=@@CHARACTER_SET_RESULTS */;
/*!40101 SET @OLD_COLLATION_CONNECTION=@@COLLATION_CONNECTION */;
/*!40101 SET NAMES utf8mb4 */;

--
-- Database: `adv_movie_picker_db`
--
DROP DATABASE IF EXISTS `adv_movie_picker_db`;
CREATE DATABASE IF NOT EXISTS `adv_movie_picker_db` DEFAULT CHARACTER SET utf8mb4 COLLATE utf8mb4_general_ci;
USE `adv_movie_picker_db`;

-- --------------------------------------------------------

--
-- Table structure for table `director`
--

CREATE TABLE `director` (
  `id` int(11) NOT NULL,
  `first_name` varchar(100) NOT NULL,
  `last_name` varchar(100) NOT NULL
) ENGINE=InnoDB DEFAULT CHARSET=utf8mb4;

--
-- Dumping data for table `director`
--

INSERT INTO `director` (`id`, `first_name`, `last_name`) VALUES
(1, 'Francis Ford', 'Coppola'),
(2, 'Steven', 'Spielberg'),
(3, 'Robert', 'Zemeckis'),
(4, 'Frank', 'Darabont'),
(5, 'David', 'Fincher'),
(6, 'Christopher', 'Nolan'),
(7, 'Lana', 'Wachowski'),
(8, 'Lilly', 'Wachowsk'),
(9, 'Denis', 'Villeneuve'),
(10, 'John', 'McTiernan'),
(11, 'George', 'Miller'),
(12, 'Ridley', 'Scott'),
(13, 'Chad', 'Stahelski');

-- --------------------------------------------------------

--
-- Table structure for table `movie`
--

CREATE TABLE `movie` (
  `id` int(11) NOT NULL,
  `title` varchar(150) NOT NULL,
  `lenght` int(11) NOT NULL COMMENT 'in minutes',
  `genre_id` int(11) NOT NULL,
  `rating` decimal(10,0) NOT NULL,
  `age_restriction` varchar(10) NOT NULL
) ENGINE=InnoDB DEFAULT CHARSET=utf8mb4;

--
-- Dumping data for table `movie`
--

INSERT INTO `movie` (`id`, `title`, `lenght`, `genre_id`, `rating`, `age_restriction`) VALUES
(1, 'The Godfather', 175, 1, '9', 'R'),
(2, 'Schindler\'s List', 195, 1, '9', 'R'),
(3, 'Forrest Gump', 142, 1, '9', 'PG-13'),
(4, 'The Shawshank Redemption', 142, 1, '9', 'R'),
(5, 'Fight Club', 139, 1, '9', 'R'),
(6, 'Inception', 148, 2, '9', 'PG-13'),
(7, 'The Matrix', 136, 2, '9', 'R'),
(8, 'Blade Runner 2049', 164, 2, '8', 'R'),
(9, 'Interstellar', 169, 2, '9', 'PG-13'),
(10, 'Arrival', 116, 2, '8', 'PG-13'),
(11, 'Die Hard', 132, 3, '8', 'R'),
(12, 'Mad Max: Fury Road', 120, 3, '8', 'R'),
(13, 'Gladiator', 155, 3, '9', 'R'),
(14, 'John Wick', 101, 3, '7', 'R'),
(15, 'The Dark Knight', 152, 3, '9', 'PG-13');

-- --------------------------------------------------------

--
-- Table structure for table `movie_x_director`
--

CREATE TABLE `movie_x_director` (
  `id` int(11) NOT NULL,
  `movie_id` int(11) NOT NULL,
  `director_id` int(11) NOT NULL
) ENGINE=InnoDB DEFAULT CHARSET=utf8mb4;

--
-- Dumping data for table `movie_x_director`
--

INSERT INTO `movie_x_director` (`id`, `movie_id`, `director_id`) VALUES
(1, 1, 1),
(2, 2, 2),
(3, 3, 3),
(4, 4, 4),
(5, 5, 5),
(6, 6, 6),
(7, 7, 7),
(8, 7, 8),
(9, 8, 9),
(10, 9, 6),
(11, 10, 9),
(12, 11, 10),
(13, 12, 11),
(14, 13, 12),
(15, 14, 13),
(16, 15, 6);

--
-- Indexes for dumped tables
--

--
-- Indexes for table `director`
--
ALTER TABLE `director`
  ADD PRIMARY KEY (`id`);

--
-- Indexes for table `movie`
--
ALTER TABLE `movie`
  ADD PRIMARY KEY (`id`),
  ADD UNIQUE KEY `title` (`title`);

--
-- Indexes for table `movie_x_director`
--
ALTER TABLE `movie_x_director`
  ADD PRIMARY KEY (`id`);

--
-- AUTO_INCREMENT for dumped tables
--

--
-- AUTO_INCREMENT for table `director`
--
ALTER TABLE `director`
  MODIFY `id` int(11) NOT NULL AUTO_INCREMENT, AUTO_INCREMENT=14;

--
-- AUTO_INCREMENT for table `movie`
--
ALTER TABLE `movie`
  MODIFY `id` int(11) NOT NULL AUTO_INCREMENT, AUTO_INCREMENT=16;

--
-- AUTO_INCREMENT for table `movie_x_director`
--
ALTER TABLE `movie_x_director`
  MODIFY `id` int(11) NOT NULL AUTO_INCREMENT, AUTO_INCREMENT=17;
--
-- Database: `bookr`
--
DROP DATABASE IF EXISTS `bookr`;
CREATE DATABASE IF NOT EXISTS `bookr` DEFAULT CHARACTER SET utf8mb4 COLLATE utf8mb4_hungarian_ci;
USE `bookr`;

-- --------------------------------------------------------

--
-- Table structure for table `appointments`
--

CREATE TABLE `appointments` (
  `id` int(11) NOT NULL,
  `company_id` int(11) NOT NULL,
  `service_id` int(11) NOT NULL,
  `staff_id` int(11) NOT NULL,
  `client_id` int(11) NOT NULL,
  `start_time` datetime NOT NULL,
  `end_time` datetime NOT NULL,
  `status` enum('booked','in_progress','completed','no_show','cancelled') COLLATE utf8mb4_hungarian_ci NOT NULL DEFAULT 'booked',
  `notes` text COLLATE utf8mb4_hungarian_ci,
  `internal_notes` text COLLATE utf8mb4_hungarian_ci COMMENT 'Visible only to staff/admin',
  `price` decimal(10,2) NOT NULL,
  `currency` varchar(10) COLLATE utf8mb4_hungarian_ci NOT NULL,
  `cancelled_by` int(11) DEFAULT NULL,
  `cancelled_reason` text COLLATE utf8mb4_hungarian_ci,
  `cancelled_at` datetime DEFAULT NULL,
  `created_at` datetime NOT NULL DEFAULT CURRENT_TIMESTAMP,
  `updated_at` datetime DEFAULT NULL
) ENGINE=InnoDB DEFAULT CHARSET=utf8mb4 COLLATE=utf8mb4_hungarian_ci;

--
-- Dumping data for table `appointments`
--

INSERT INTO `appointments` (`id`, `company_id`, `service_id`, `staff_id`, `client_id`, `start_time`, `end_time`, `status`, `notes`, `internal_notes`, `price`, `currency`, `cancelled_by`, `cancelled_reason`, `cancelled_at`, `created_at`, `updated_at`) VALUES
(1, 1, 1, 1, 1, '2026-02-24 11:00:00', '2026-02-24 11:45:00', 'no_show', '', NULL, '7000.00', 'HUF', NULL, NULL, NULL, '2026-02-22 23:12:41', '2026-02-24 11:45:43'),
(2, 1, 1, 1, 10, '2025-12-23 08:00:00', '2025-12-23 08:45:00', 'completed', '', NULL, '7000.00', 'HUF', NULL, NULL, NULL, '2025-12-21 04:00:00', NULL),
(3, 1, 3, 1, 24, '2025-12-23 08:55:00', '2025-12-23 10:05:00', 'completed', '', NULL, '11000.00', 'HUF', NULL, NULL, NULL, '2025-12-13 22:55:00', NULL),
(4, 1, 1, 1, 13, '2025-12-23 10:15:00', '2025-12-23 11:00:00', 'completed', '', NULL, '7000.00', 'HUF', NULL, NULL, NULL, '2025-12-15 08:15:00', NULL),
(5, 1, 3, 1, 18, '2025-12-23 11:05:00', '2025-12-23 12:15:00', 'completed', '', NULL, '11000.00', 'HUF', NULL, NULL, NULL, '2025-12-17 10:05:00', NULL),
(6, 1, 1, 2, 21, '2025-12-23 08:00:00', '2025-12-23 08:45:00', 'completed', '', NULL, '7000.00', 'HUF', NULL, NULL, NULL, '2025-12-19 05:00:00', NULL),
(7, 1, 1, 2, 10, '2025-12-23 08:50:00', '2025-12-23 09:35:00', 'completed', '', NULL, '7000.00', 'HUF', NULL, NULL, NULL, '2025-12-14 23:50:00', NULL),
(8, 1, 1, 2, 7, '2025-12-23 09:45:00', '2025-12-23 10:30:00', 'completed', '', NULL, '7000.00', 'HUF', NULL, NULL, NULL, '2025-12-18 22:45:00', NULL),
(9, 1, 1, 2, 8, '2025-12-23 10:35:00', '2025-12-23 11:20:00', 'completed', '', NULL, '7000.00', 'HUF', NULL, NULL, NULL, '2025-12-20 22:35:00', NULL),
(10, 1, 1, 2, 15, '2025-12-23 11:30:00', '2025-12-23 12:15:00', 'completed', '', NULL, '7000.00', 'HUF', NULL, NULL, NULL, '2025-12-14 10:30:00', NULL),
(11, 1, 1, 1, 1, '2025-12-24 08:00:00', '2025-12-24 08:45:00', 'completed', '', NULL, '7000.00', 'HUF', NULL, NULL, NULL, '2025-12-17 20:00:00', NULL),
(12, 1, 2, 1, 5, '2025-12-24 08:55:00', '2025-12-24 09:55:00', 'completed', '', NULL, '10000.00', 'HUF', NULL, NULL, NULL, '2025-12-16 06:55:00', NULL),
(13, 1, 1, 1, 13, '2025-12-24 10:00:00', '2025-12-24 10:45:00', 'completed', '', NULL, '7000.00', 'HUF', NULL, NULL, NULL, '2025-12-16 09:00:00', NULL),
(14, 1, 3, 1, 9, '2025-12-24 10:55:00', '2025-12-24 12:05:00', 'no_show', '', NULL, '11000.00', 'HUF', NULL, NULL, NULL, '2025-12-21 07:55:00', NULL),
(15, 1, 1, 1, 8, '2025-12-24 12:10:00', '2025-12-24 12:55:00', 'completed', '', NULL, '7000.00', 'HUF', NULL, NULL, NULL, '2025-12-21 12:10:00', NULL),
(16, 1, 3, 2, 16, '2025-12-24 08:00:00', '2025-12-24 09:10:00', 'cancelled', '', NULL, '11000.00', 'HUF', 16, 'Nem tudok menni', '2025-12-23 13:00:00', '2025-12-14 02:00:00', NULL),
(17, 1, 3, 2, 12, '2025-12-24 09:20:00', '2025-12-24 10:30:00', 'completed', '', NULL, '11000.00', 'HUF', NULL, NULL, NULL, '2025-12-22 02:20:00', NULL),
(18, 1, 3, 2, 14, '2025-12-24 10:40:00', '2025-12-24 11:50:00', 'completed', '', NULL, '11000.00', 'HUF', NULL, NULL, NULL, '2025-12-19 03:40:00', NULL),
(19, 1, 3, 1, 16, '2025-12-25 08:00:00', '2025-12-25 09:10:00', 'completed', '', NULL, '11000.00', 'HUF', NULL, NULL, NULL, '2025-12-18 04:00:00', NULL),
(20, 1, 1, 1, 21, '2025-12-25 09:15:00', '2025-12-25 10:00:00', 'completed', '', NULL, '7000.00', 'HUF', NULL, NULL, NULL, '2025-12-20 21:15:00', NULL),
(21, 1, 1, 1, 20, '2025-12-25 10:05:00', '2025-12-25 10:50:00', 'cancelled', '', NULL, '7000.00', 'HUF', 20, 'Nem tudok menni', '2025-12-24 13:05:00', '2025-12-16 04:05:00', NULL),
(22, 1, 3, 1, 17, '2025-12-25 11:00:00', '2025-12-25 12:10:00', 'cancelled', '', NULL, '11000.00', 'HUF', 17, 'Nem tudok menni', '2025-12-25 02:00:00', '2025-12-18 00:00:00', NULL),
(23, 1, 1, 2, 6, '2025-12-25 08:00:00', '2025-12-25 08:45:00', 'completed', '', NULL, '7000.00', 'HUF', NULL, NULL, NULL, '2025-12-23 06:00:00', NULL),
(24, 1, 1, 2, 5, '2025-12-25 08:50:00', '2025-12-25 09:35:00', 'completed', '', NULL, '7000.00', 'HUF', NULL, NULL, NULL, '2025-12-14 23:50:00', NULL),
(25, 1, 2, 2, 24, '2025-12-25 09:45:00', '2025-12-25 10:45:00', 'completed', '', NULL, '10000.00', 'HUF', NULL, NULL, NULL, '2025-12-23 22:45:00', NULL),
(26, 1, 1, 2, 10, '2025-12-25 10:55:00', '2025-12-25 11:40:00', 'completed', '', NULL, '7000.00', 'HUF', NULL, NULL, NULL, '2025-12-22 00:55:00', NULL),
(27, 1, 1, 2, 23, '2025-12-25 11:45:00', '2025-12-25 12:30:00', 'completed', '', NULL, '7000.00', 'HUF', NULL, NULL, NULL, '2025-12-15 05:45:00', NULL),
(28, 1, 1, 1, 9, '2025-12-26 08:00:00', '2025-12-26 08:45:00', 'completed', '', NULL, '7000.00', 'HUF', NULL, NULL, NULL, '2025-12-22 00:00:00', NULL),
(29, 1, 1, 1, 15, '2025-12-26 08:55:00', '2025-12-26 09:40:00', 'completed', '', NULL, '7000.00', 'HUF', NULL, NULL, NULL, '2025-12-22 01:55:00', NULL),
(30, 1, 3, 1, 24, '2025-12-26 09:50:00', '2025-12-26 11:00:00', 'completed', '', NULL, '11000.00', 'HUF', NULL, NULL, NULL, '2025-12-16 21:50:00', NULL),
(31, 1, 3, 1, 7, '2025-12-26 11:05:00', '2025-12-26 12:15:00', 'completed', '', NULL, '11000.00', 'HUF', NULL, NULL, NULL, '2025-12-16 01:05:00', NULL),
(32, 1, 1, 1, 17, '2025-12-26 12:20:00', '2025-12-26 13:05:00', 'cancelled', '', NULL, '7000.00', 'HUF', 17, 'Nem tudok menni', '2025-12-25 22:20:00', '2025-12-22 04:20:00', NULL),
(33, 1, 1, 2, 12, '2025-12-26 08:00:00', '2025-12-26 08:45:00', 'completed', '', NULL, '7000.00', 'HUF', NULL, NULL, NULL, '2025-12-22 06:00:00', NULL),
(34, 1, 1, 2, 13, '2025-12-26 08:50:00', '2025-12-26 09:35:00', 'completed', '', NULL, '7000.00', 'HUF', NULL, NULL, NULL, '2025-12-18 04:50:00', NULL),
(35, 1, 3, 2, 11, '2025-12-26 09:40:00', '2025-12-26 10:50:00', 'completed', '', NULL, '11000.00', 'HUF', NULL, NULL, NULL, '2025-12-24 02:40:00', NULL),
(36, 1, 1, 2, 15, '2025-12-26 11:00:00', '2025-12-26 11:45:00', 'completed', '', NULL, '7000.00', 'HUF', NULL, NULL, NULL, '2025-12-25 07:00:00', NULL),
(37, 1, 3, 1, 18, '2025-12-27 08:00:00', '2025-12-27 09:10:00', 'completed', '', NULL, '11000.00', 'HUF', NULL, NULL, NULL, '2025-12-25 23:00:00', NULL),
(38, 1, 3, 1, 14, '2025-12-27 09:15:00', '2025-12-27 10:25:00', 'no_show', '', NULL, '11000.00', 'HUF', NULL, NULL, NULL, '2025-12-20 23:15:00', NULL),
(39, 1, 2, 1, 7, '2025-12-27 10:30:00', '2025-12-27 11:30:00', 'completed', '', NULL, '10000.00', 'HUF', NULL, NULL, NULL, '2025-12-24 09:30:00', NULL),
(40, 1, 1, 1, 10, '2025-12-27 11:40:00', '2025-12-27 12:25:00', 'completed', '', NULL, '7000.00', 'HUF', NULL, NULL, NULL, '2025-12-17 07:40:00', NULL),
(41, 1, 1, 2, 12, '2025-12-27 08:00:00', '2025-12-27 08:45:00', 'completed', '', NULL, '7000.00', 'HUF', NULL, NULL, NULL, '2025-12-24 06:00:00', NULL),
(42, 1, 3, 2, 1, '2025-12-27 08:50:00', '2025-12-27 10:00:00', 'completed', '', NULL, '11000.00', 'HUF', NULL, NULL, NULL, '2025-12-25 00:50:00', NULL),
(43, 1, 1, 2, 11, '2025-12-27 10:10:00', '2025-12-27 10:55:00', 'completed', '', NULL, '7000.00', 'HUF', NULL, NULL, NULL, '2025-12-17 10:10:00', NULL),
(44, 1, 1, 2, 20, '2025-12-27 11:05:00', '2025-12-27 11:50:00', 'no_show', '', NULL, '7000.00', 'HUF', NULL, NULL, NULL, '2025-12-25 11:05:00', NULL),
(45, 1, 3, 1, 11, '2025-12-30 08:00:00', '2025-12-30 09:10:00', 'completed', '', NULL, '11000.00', 'HUF', NULL, NULL, NULL, '2025-12-22 01:00:00', NULL),
(46, 1, 3, 1, 23, '2025-12-30 09:20:00', '2025-12-30 10:30:00', 'completed', '', NULL, '11000.00', 'HUF', NULL, NULL, NULL, '2025-12-24 07:20:00', NULL),
(47, 1, 3, 1, 12, '2025-12-30 10:35:00', '2025-12-30 11:45:00', 'completed', '', NULL, '11000.00', 'HUF', NULL, NULL, NULL, '2025-12-21 05:35:00', NULL),
(48, 1, 1, 1, 21, '2025-12-30 11:50:00', '2025-12-30 12:35:00', 'completed', '', NULL, '7000.00', 'HUF', NULL, NULL, NULL, '2025-12-24 08:50:00', NULL),
(49, 1, 1, 1, 1, '2025-12-30 12:40:00', '2025-12-30 13:25:00', 'cancelled', '', NULL, '7000.00', 'HUF', 1, 'Nem tudok menni', '2025-12-29 18:40:00', '2025-12-26 00:40:00', NULL),
(50, 1, 3, 2, 6, '2025-12-30 08:00:00', '2025-12-30 09:10:00', 'no_show', '', NULL, '11000.00', 'HUF', NULL, NULL, NULL, '2025-12-23 05:00:00', NULL),
(51, 1, 3, 2, 12, '2025-12-30 09:20:00', '2025-12-30 10:30:00', 'completed', '', NULL, '11000.00', 'HUF', NULL, NULL, NULL, '2025-12-25 21:20:00', NULL),
(52, 1, 1, 2, 21, '2025-12-30 10:35:00', '2025-12-30 11:20:00', 'completed', '', NULL, '7000.00', 'HUF', NULL, NULL, NULL, '2025-12-22 08:35:00', NULL),
(53, 1, 1, 1, 21, '2025-12-31 08:00:00', '2025-12-31 08:45:00', 'no_show', '', NULL, '7000.00', 'HUF', NULL, NULL, NULL, '2025-12-26 07:00:00', NULL),
(54, 1, 3, 1, 12, '2025-12-31 08:50:00', '2025-12-31 10:00:00', 'completed', '', NULL, '11000.00', 'HUF', NULL, NULL, NULL, '2025-12-26 04:50:00', NULL),
(55, 1, 1, 1, 18, '2025-12-31 10:10:00', '2025-12-31 10:55:00', 'completed', '', NULL, '7000.00', 'HUF', NULL, NULL, NULL, '2025-12-25 08:10:00', NULL),
(56, 1, 3, 2, 9, '2025-12-31 08:00:00', '2025-12-31 09:10:00', 'completed', '', NULL, '11000.00', 'HUF', NULL, NULL, NULL, '2025-12-29 20:00:00', NULL),
(57, 1, 3, 2, 17, '2025-12-31 09:15:00', '2025-12-31 10:25:00', 'completed', '', NULL, '11000.00', 'HUF', NULL, NULL, NULL, '2025-12-24 07:15:00', NULL),
(58, 1, 1, 2, 7, '2025-12-31 10:30:00', '2025-12-31 11:15:00', 'completed', '', NULL, '7000.00', 'HUF', NULL, NULL, NULL, '2025-12-26 07:30:00', NULL),
(59, 1, 3, 2, 13, '2025-12-31 11:25:00', '2025-12-31 12:35:00', 'completed', '', NULL, '11000.00', 'HUF', NULL, NULL, NULL, '2025-12-24 10:25:00', NULL),
(60, 1, 1, 2, 8, '2025-12-31 12:40:00', '2025-12-31 13:25:00', 'completed', '', NULL, '7000.00', 'HUF', NULL, NULL, NULL, '2025-12-30 10:40:00', NULL),
(61, 1, 3, 1, 8, '2026-01-01 08:00:00', '2026-01-01 09:10:00', 'completed', '', NULL, '11000.00', 'HUF', NULL, NULL, NULL, '2025-12-21 20:00:00', NULL),
(62, 1, 2, 1, 21, '2026-01-01 09:15:00', '2026-01-01 10:15:00', 'completed', '', NULL, '10000.00', 'HUF', NULL, NULL, NULL, '2025-12-29 07:15:00', NULL),
(63, 1, 3, 1, 9, '2026-01-01 10:20:00', '2026-01-01 11:30:00', 'no_show', '', NULL, '11000.00', 'HUF', NULL, NULL, NULL, '2025-12-23 09:20:00', NULL),
(64, 1, 3, 2, 12, '2026-01-01 08:00:00', '2026-01-01 09:10:00', 'completed', '', NULL, '11000.00', 'HUF', NULL, NULL, NULL, '2025-12-29 00:00:00', NULL),
(65, 1, 3, 2, 1, '2026-01-01 09:15:00', '2026-01-01 10:25:00', 'completed', '', NULL, '11000.00', 'HUF', NULL, NULL, NULL, '2025-12-24 03:15:00', NULL),
(66, 1, 1, 2, 17, '2026-01-01 10:35:00', '2026-01-01 11:20:00', 'completed', '', NULL, '7000.00', 'HUF', NULL, NULL, NULL, '2025-12-31 09:35:00', NULL),
(67, 1, 1, 1, 19, '2026-01-02 08:00:00', '2026-01-02 08:45:00', 'completed', '', NULL, '7000.00', 'HUF', NULL, NULL, NULL, '2025-12-30 21:00:00', NULL),
(68, 1, 3, 1, 5, '2026-01-02 08:50:00', '2026-01-02 10:00:00', 'no_show', '', NULL, '11000.00', 'HUF', NULL, NULL, NULL, '2025-12-22 20:50:00', NULL),
(69, 1, 1, 1, 12, '2026-01-02 10:10:00', '2026-01-02 10:55:00', 'completed', '', NULL, '7000.00', 'HUF', NULL, NULL, NULL, '2025-12-23 23:10:00', NULL),
(70, 1, 1, 2, 1, '2026-01-02 08:00:00', '2026-01-02 08:45:00', 'completed', '', NULL, '7000.00', 'HUF', NULL, NULL, NULL, '2025-12-25 08:00:00', NULL),
(71, 1, 3, 2, 16, '2026-01-02 08:55:00', '2026-01-02 10:05:00', 'completed', '', NULL, '11000.00', 'HUF', NULL, NULL, NULL, '2025-12-28 07:55:00', NULL),
(72, 1, 1, 2, 23, '2026-01-02 10:10:00', '2026-01-02 10:55:00', 'completed', '', NULL, '7000.00', 'HUF', NULL, NULL, NULL, '2025-12-29 04:10:00', NULL),
(73, 1, 1, 2, 5, '2026-01-02 11:05:00', '2026-01-02 11:50:00', 'completed', '', NULL, '7000.00', 'HUF', NULL, NULL, NULL, '2025-12-27 04:05:00', NULL),
(74, 1, 1, 2, 19, '2026-01-02 12:00:00', '2026-01-02 12:45:00', 'completed', '', NULL, '7000.00', 'HUF', NULL, NULL, NULL, '2025-12-24 03:00:00', NULL),
(75, 1, 1, 1, 17, '2026-01-03 08:00:00', '2026-01-03 08:45:00', 'completed', '', NULL, '7000.00', 'HUF', NULL, NULL, NULL, '2025-12-26 20:00:00', NULL),
(76, 1, 1, 1, 5, '2026-01-03 08:55:00', '2026-01-03 09:40:00', 'completed', '', NULL, '7000.00', 'HUF', NULL, NULL, NULL, '2025-12-25 07:55:00', NULL),
(77, 1, 2, 1, 19, '2026-01-03 09:50:00', '2026-01-03 10:50:00', 'completed', '', NULL, '10000.00', 'HUF', NULL, NULL, NULL, '2025-12-30 00:50:00', NULL),
(78, 1, 1, 2, 16, '2026-01-03 08:00:00', '2026-01-03 08:45:00', 'completed', '', NULL, '7000.00', 'HUF', NULL, NULL, NULL, '2025-12-31 00:00:00', NULL),
(79, 1, 1, 2, 10, '2026-01-03 08:50:00', '2026-01-03 09:35:00', 'completed', '', NULL, '7000.00', 'HUF', NULL, NULL, NULL, '2025-12-30 02:50:00', NULL),
(80, 1, 1, 2, 21, '2026-01-03 09:40:00', '2026-01-03 10:25:00', 'completed', '', NULL, '7000.00', 'HUF', NULL, NULL, NULL, '2025-12-25 02:40:00', NULL),
(81, 1, 1, 1, 8, '2026-01-06 08:00:00', '2026-01-06 08:45:00', 'completed', '', NULL, '7000.00', 'HUF', NULL, NULL, NULL, '2025-12-29 03:00:00', NULL),
(82, 1, 1, 1, 13, '2026-01-06 08:55:00', '2026-01-06 09:40:00', 'completed', '', NULL, '7000.00', 'HUF', NULL, NULL, NULL, '2025-12-29 03:55:00', NULL),
(83, 1, 1, 1, 20, '2026-01-06 09:45:00', '2026-01-06 10:30:00', 'cancelled', '', NULL, '7000.00', 'HUF', 20, 'Nem tudok menni', '2026-01-05 12:45:00', '2026-01-04 07:45:00', NULL),
(84, 1, 1, 1, 7, '2026-01-06 10:35:00', '2026-01-06 11:20:00', 'completed', '', NULL, '7000.00', 'HUF', NULL, NULL, NULL, '2025-12-31 03:35:00', NULL),
(85, 1, 1, 1, 22, '2026-01-06 11:30:00', '2026-01-06 12:15:00', 'completed', '', NULL, '7000.00', 'HUF', NULL, NULL, NULL, '2026-01-02 07:30:00', NULL),
(86, 1, 3, 2, 14, '2026-01-06 08:00:00', '2026-01-06 09:10:00', 'completed', '', NULL, '11000.00', 'HUF', NULL, NULL, NULL, '2026-01-04 21:00:00', NULL),
(87, 1, 1, 2, 9, '2026-01-06 09:20:00', '2026-01-06 10:05:00', 'completed', '', NULL, '7000.00', 'HUF', NULL, NULL, NULL, '2026-01-03 01:20:00', NULL),
(88, 1, 3, 2, 11, '2026-01-06 10:15:00', '2026-01-06 11:25:00', 'completed', '', NULL, '11000.00', 'HUF', NULL, NULL, NULL, '2026-01-03 05:15:00', NULL),
(89, 1, 1, 2, 17, '2026-01-06 11:30:00', '2026-01-06 12:15:00', 'no_show', '', NULL, '7000.00', 'HUF', NULL, NULL, NULL, '2026-01-01 11:30:00', NULL),
(90, 1, 1, 2, 20, '2026-01-06 12:25:00', '2026-01-06 13:10:00', 'completed', '', NULL, '7000.00', 'HUF', NULL, NULL, NULL, '2026-01-03 11:25:00', NULL),
(91, 1, 3, 1, 8, '2026-01-07 08:00:00', '2026-01-07 09:10:00', 'completed', '', NULL, '11000.00', 'HUF', NULL, NULL, NULL, '2025-12-30 02:00:00', NULL),
(92, 1, 1, 1, 11, '2026-01-07 09:20:00', '2026-01-07 10:05:00', 'completed', '', NULL, '7000.00', 'HUF', NULL, NULL, NULL, '2025-12-30 07:20:00', NULL),
(93, 1, 1, 1, 23, '2026-01-07 10:15:00', '2026-01-07 11:00:00', 'completed', '', NULL, '7000.00', 'HUF', NULL, NULL, NULL, '2026-01-04 01:15:00', NULL),
(94, 1, 3, 1, 21, '2026-01-07 11:10:00', '2026-01-07 12:20:00', 'cancelled', '', NULL, '11000.00', 'HUF', 21, 'Nem tudok menni', '2026-01-06 20:10:00', '2025-12-29 03:10:00', NULL),
(95, 1, 3, 2, 16, '2026-01-07 08:00:00', '2026-01-07 09:10:00', 'completed', '', NULL, '11000.00', 'HUF', NULL, NULL, NULL, '2026-01-03 23:00:00', NULL),
(96, 1, 1, 2, 11, '2026-01-07 09:20:00', '2026-01-07 10:05:00', 'completed', '', NULL, '7000.00', 'HUF', NULL, NULL, NULL, '2025-12-30 07:20:00', NULL),
(97, 1, 2, 2, 22, '2026-01-07 10:15:00', '2026-01-07 11:15:00', 'completed', '', NULL, '10000.00', 'HUF', NULL, NULL, NULL, '2025-12-27 23:15:00', NULL),
(98, 1, 3, 1, 14, '2026-01-08 08:00:00', '2026-01-08 09:10:00', 'completed', '', NULL, '11000.00', 'HUF', NULL, NULL, NULL, '2026-01-01 23:00:00', NULL),
(99, 1, 3, 1, 19, '2026-01-08 09:15:00', '2026-01-08 10:25:00', 'completed', '', NULL, '11000.00', 'HUF', NULL, NULL, NULL, '2026-01-06 23:15:00', NULL),
(100, 1, 1, 1, 1, '2026-01-08 10:35:00', '2026-01-08 11:20:00', 'completed', '', NULL, '7000.00', 'HUF', NULL, NULL, NULL, '2025-12-31 02:35:00', NULL),
(101, 1, 1, 1, 23, '2026-01-08 11:25:00', '2026-01-08 12:10:00', 'completed', '', NULL, '7000.00', 'HUF', NULL, NULL, NULL, '2025-12-31 01:25:00', NULL),
(102, 1, 1, 2, 10, '2026-01-08 08:00:00', '2026-01-08 08:45:00', 'completed', '', NULL, '7000.00', 'HUF', NULL, NULL, NULL, '2025-12-31 20:00:00', NULL),
(103, 1, 1, 2, 21, '2026-01-08 08:50:00', '2026-01-08 09:35:00', 'completed', '', NULL, '7000.00', 'HUF', NULL, NULL, NULL, '2026-01-07 05:50:00', NULL),
(104, 1, 1, 2, 13, '2026-01-08 09:40:00', '2026-01-08 10:25:00', 'completed', '', NULL, '7000.00', 'HUF', NULL, NULL, NULL, '2026-01-06 03:40:00', NULL),
(105, 1, 1, 1, 17, '2026-01-09 08:00:00', '2026-01-09 08:45:00', 'completed', '', NULL, '7000.00', 'HUF', NULL, NULL, NULL, '2026-01-04 00:00:00', NULL),
(106, 1, 3, 1, 21, '2026-01-09 08:50:00', '2026-01-09 10:00:00', 'completed', '', NULL, '11000.00', 'HUF', NULL, NULL, NULL, '2026-01-03 07:50:00', NULL),
(107, 1, 1, 1, 22, '2026-01-09 10:05:00', '2026-01-09 10:50:00', 'completed', '', NULL, '7000.00', 'HUF', NULL, NULL, NULL, '2026-01-08 00:05:00', NULL),
(108, 1, 3, 2, 24, '2026-01-09 08:00:00', '2026-01-09 09:10:00', 'completed', '', NULL, '11000.00', 'HUF', NULL, NULL, NULL, '2026-01-04 01:00:00', NULL),
(109, 1, 3, 2, 7, '2026-01-09 09:20:00', '2026-01-09 10:30:00', 'completed', '', NULL, '11000.00', 'HUF', NULL, NULL, NULL, '2026-01-01 04:20:00', NULL),
(110, 1, 1, 2, 14, '2026-01-09 10:40:00', '2026-01-09 11:25:00', 'completed', '', NULL, '7000.00', 'HUF', NULL, NULL, NULL, '2026-01-05 00:40:00', NULL),
(111, 1, 1, 2, 9, '2026-01-09 11:30:00', '2026-01-09 12:15:00', 'completed', '', NULL, '7000.00', 'HUF', NULL, NULL, NULL, '2026-01-06 23:30:00', NULL),
(112, 1, 1, 1, 24, '2026-01-10 08:00:00', '2026-01-10 08:45:00', 'completed', '', NULL, '7000.00', 'HUF', NULL, NULL, NULL, '2026-01-03 03:00:00', NULL),
(113, 1, 1, 1, 23, '2026-01-10 08:50:00', '2026-01-10 09:35:00', 'completed', '', NULL, '7000.00', 'HUF', NULL, NULL, NULL, '2026-01-06 07:50:00', NULL),
(114, 1, 1, 1, 11, '2026-01-10 09:45:00', '2026-01-10 10:30:00', 'completed', '', NULL, '7000.00', 'HUF', NULL, NULL, NULL, '2026-01-06 22:45:00', NULL),
(115, 1, 2, 2, 9, '2026-01-10 08:00:00', '2026-01-10 09:00:00', 'completed', '', NULL, '10000.00', 'HUF', NULL, NULL, NULL, '2026-01-01 08:00:00', NULL),
(116, 1, 1, 2, 17, '2026-01-10 09:05:00', '2026-01-10 09:50:00', 'completed', '', NULL, '7000.00', 'HUF', NULL, NULL, NULL, '2026-01-06 01:05:00', NULL),
(117, 1, 1, 2, 7, '2026-01-10 09:55:00', '2026-01-10 10:40:00', 'completed', '', NULL, '7000.00', 'HUF', NULL, NULL, NULL, '2026-01-02 05:55:00', NULL),
(118, 1, 3, 1, 1, '2026-01-13 08:00:00', '2026-01-13 09:10:00', 'completed', '', NULL, '11000.00', 'HUF', NULL, NULL, NULL, '2026-01-12 08:00:00', NULL),
(119, 1, 1, 1, 20, '2026-01-13 09:15:00', '2026-01-13 10:00:00', 'completed', '', NULL, '7000.00', 'HUF', NULL, NULL, NULL, '2026-01-12 07:15:00', NULL),
(120, 1, 3, 1, 5, '2026-01-13 10:05:00', '2026-01-13 11:15:00', 'completed', '', NULL, '11000.00', 'HUF', NULL, NULL, NULL, '2026-01-08 07:05:00', NULL),
(121, 1, 3, 1, 21, '2026-01-13 11:20:00', '2026-01-13 12:30:00', 'completed', '', NULL, '11000.00', 'HUF', NULL, NULL, NULL, '2026-01-12 10:20:00', NULL),
(122, 1, 2, 1, 10, '2026-01-13 12:35:00', '2026-01-13 13:35:00', 'completed', '', NULL, '10000.00', 'HUF', NULL, NULL, NULL, '2026-01-07 02:35:00', NULL),
(123, 1, 1, 2, 20, '2026-01-13 08:00:00', '2026-01-13 08:45:00', 'completed', '', NULL, '7000.00', 'HUF', NULL, NULL, NULL, '2026-01-02 22:00:00', NULL),
(124, 1, 1, 2, 10, '2026-01-13 08:50:00', '2026-01-13 09:35:00', 'completed', '', NULL, '7000.00', 'HUF', NULL, NULL, NULL, '2026-01-10 01:50:00', NULL),
(125, 1, 1, 2, 13, '2026-01-13 09:45:00', '2026-01-13 10:30:00', 'completed', '', NULL, '7000.00', 'HUF', NULL, NULL, NULL, '2026-01-12 00:45:00', NULL),
(126, 1, 1, 2, 5, '2026-01-13 10:40:00', '2026-01-13 11:25:00', 'no_show', '', NULL, '7000.00', 'HUF', NULL, NULL, NULL, '2026-01-11 08:40:00', NULL),
(127, 1, 3, 2, 14, '2026-01-13 11:30:00', '2026-01-13 12:40:00', 'completed', '', NULL, '11000.00', 'HUF', NULL, NULL, NULL, '2026-01-08 07:30:00', NULL),
(128, 1, 3, 1, 15, '2026-01-14 08:00:00', '2026-01-14 09:10:00', 'completed', '', NULL, '11000.00', 'HUF', NULL, NULL, NULL, '2026-01-13 02:00:00', NULL),
(129, 1, 1, 1, 5, '2026-01-14 09:20:00', '2026-01-14 10:05:00', 'completed', '', NULL, '7000.00', 'HUF', NULL, NULL, NULL, '2026-01-05 03:20:00', NULL),
(130, 1, 1, 1, 1, '2026-01-14 10:15:00', '2026-01-14 11:00:00', 'completed', '', NULL, '7000.00', 'HUF', NULL, NULL, NULL, '2026-01-12 06:15:00', NULL),
(131, 1, 1, 1, 14, '2026-01-14 11:05:00', '2026-01-14 11:50:00', 'completed', '', NULL, '7000.00', 'HUF', NULL, NULL, NULL, '2026-01-09 06:05:00', NULL),
(132, 1, 1, 1, 9, '2026-01-14 11:55:00', '2026-01-14 12:40:00', 'completed', '', NULL, '7000.00', 'HUF', NULL, NULL, NULL, '2026-01-12 10:55:00', NULL),
(133, 1, 1, 2, 15, '2026-01-14 08:00:00', '2026-01-14 08:45:00', 'cancelled', '', NULL, '7000.00', 'HUF', 15, 'Nem tudok menni', '2026-01-13 20:00:00', '2026-01-09 06:00:00', NULL),
(134, 1, 3, 2, 7, '2026-01-14 08:55:00', '2026-01-14 10:05:00', 'completed', '', NULL, '11000.00', 'HUF', NULL, NULL, NULL, '2026-01-05 04:55:00', NULL),
(135, 1, 3, 2, 16, '2026-01-14 10:10:00', '2026-01-14 11:20:00', 'completed', '', NULL, '11000.00', 'HUF', NULL, NULL, NULL, '2026-01-05 00:10:00', NULL),
(136, 1, 1, 1, 18, '2026-01-15 08:00:00', '2026-01-15 08:45:00', 'completed', '', NULL, '7000.00', 'HUF', NULL, NULL, NULL, '2026-01-07 07:00:00', NULL),
(137, 1, 3, 1, 14, '2026-01-15 08:55:00', '2026-01-15 10:05:00', 'completed', '', NULL, '11000.00', 'HUF', NULL, NULL, NULL, '2026-01-11 22:55:00', NULL),
(138, 1, 3, 1, 1, '2026-01-15 10:15:00', '2026-01-15 11:25:00', 'completed', '', NULL, '11000.00', 'HUF', NULL, NULL, NULL, '2026-01-14 01:15:00', NULL),
(139, 1, 3, 1, 15, '2026-01-15 11:30:00', '2026-01-15 12:40:00', 'completed', '', NULL, '11000.00', 'HUF', NULL, NULL, NULL, '2026-01-14 09:30:00', NULL),
(140, 1, 1, 2, 10, '2026-01-15 08:00:00', '2026-01-15 08:45:00', 'completed', '', NULL, '7000.00', 'HUF', NULL, NULL, NULL, '2026-01-13 06:00:00', NULL),
(141, 1, 3, 2, 12, '2026-01-15 08:50:00', '2026-01-15 10:00:00', 'completed', '', NULL, '11000.00', 'HUF', NULL, NULL, NULL, '2026-01-13 03:50:00', NULL),
(142, 1, 1, 2, 16, '2026-01-15 10:10:00', '2026-01-15 10:55:00', 'completed', '', NULL, '7000.00', 'HUF', NULL, NULL, NULL, '2026-01-07 05:10:00', NULL),
(143, 1, 3, 2, 20, '2026-01-15 11:00:00', '2026-01-15 12:10:00', 'completed', '', NULL, '11000.00', 'HUF', NULL, NULL, NULL, '2026-01-08 02:00:00', NULL),
(144, 1, 3, 1, 5, '2026-01-16 08:00:00', '2026-01-16 09:10:00', 'completed', '', NULL, '11000.00', 'HUF', NULL, NULL, NULL, '2026-01-09 04:00:00', NULL),
(145, 1, 1, 1, 1, '2026-01-16 09:20:00', '2026-01-16 10:05:00', 'completed', '', NULL, '7000.00', 'HUF', NULL, NULL, NULL, '2026-01-08 06:20:00', NULL),
(146, 1, 1, 1, 13, '2026-01-16 10:10:00', '2026-01-16 10:55:00', 'completed', '', NULL, '7000.00', 'HUF', NULL, NULL, NULL, '2026-01-09 00:10:00', NULL),
(147, 1, 3, 2, 12, '2026-01-16 08:00:00', '2026-01-16 09:10:00', 'completed', '', NULL, '11000.00', 'HUF', NULL, NULL, NULL, '2026-01-06 22:00:00', NULL),
(148, 1, 3, 2, 17, '2026-01-16 09:15:00', '2026-01-16 10:25:00', 'completed', '', NULL, '11000.00', 'HUF', NULL, NULL, NULL, '2026-01-05 21:15:00', NULL),
(149, 1, 3, 2, 7, '2026-01-16 10:30:00', '2026-01-16 11:40:00', 'completed', '', NULL, '11000.00', 'HUF', NULL, NULL, NULL, '2026-01-06 04:30:00', NULL),
(150, 1, 1, 1, 17, '2026-01-17 08:00:00', '2026-01-17 08:45:00', 'completed', '', NULL, '7000.00', 'HUF', NULL, NULL, NULL, '2026-01-12 04:00:00', NULL),
(151, 1, 1, 1, 9, '2026-01-17 08:50:00', '2026-01-17 09:35:00', 'cancelled', '', NULL, '7000.00', 'HUF', 9, 'Nem tudok menni', '2026-01-16 10:50:00', '2026-01-10 05:50:00', NULL),
(152, 1, 1, 1, 20, '2026-01-17 09:40:00', '2026-01-17 10:25:00', 'completed', '', NULL, '7000.00', 'HUF', NULL, NULL, NULL, '2026-01-15 08:40:00', NULL),
(153, 1, 1, 1, 5, '2026-01-17 10:30:00', '2026-01-17 11:15:00', 'completed', '', NULL, '7000.00', 'HUF', NULL, NULL, NULL, '2026-01-09 05:30:00', NULL),
(154, 1, 2, 2, 6, '2026-01-17 08:00:00', '2026-01-17 09:00:00', 'no_show', '', NULL, '10000.00', 'HUF', NULL, NULL, NULL, '2026-01-10 23:00:00', NULL),
(155, 1, 1, 2, 9, '2026-01-17 09:10:00', '2026-01-17 09:55:00', 'completed', '', NULL, '7000.00', 'HUF', NULL, NULL, NULL, '2026-01-16 03:10:00', NULL),
(156, 1, 1, 2, 5, '2026-01-17 10:00:00', '2026-01-17 10:45:00', 'completed', '', NULL, '7000.00', 'HUF', NULL, NULL, NULL, '2026-01-14 00:00:00', NULL),
(157, 1, 3, 2, 16, '2026-01-17 10:50:00', '2026-01-17 12:00:00', 'completed', '', NULL, '11000.00', 'HUF', NULL, NULL, NULL, '2026-01-12 08:50:00', NULL),
(158, 1, 3, 2, 24, '2026-01-17 12:10:00', '2026-01-17 13:20:00', 'completed', '', NULL, '11000.00', 'HUF', NULL, NULL, NULL, '2026-01-12 11:10:00', NULL),
(159, 1, 1, 1, 7, '2026-01-20 08:00:00', '2026-01-20 08:45:00', 'completed', '', NULL, '7000.00', 'HUF', NULL, NULL, NULL, '2026-01-15 07:00:00', NULL),
(160, 1, 1, 1, 5, '2026-01-20 08:50:00', '2026-01-20 09:35:00', 'no_show', '', NULL, '7000.00', 'HUF', NULL, NULL, NULL, '2026-01-11 00:50:00', NULL),
(161, 1, 3, 1, 21, '2026-01-20 09:45:00', '2026-01-20 10:55:00', 'cancelled', '', NULL, '11000.00', 'HUF', 21, 'Nem tudok menni', '2026-01-19 23:45:00', '2026-01-10 01:45:00', NULL),
(162, 1, 1, 2, 20, '2026-01-20 08:00:00', '2026-01-20 08:45:00', 'completed', '', NULL, '7000.00', 'HUF', NULL, NULL, NULL, '2026-01-18 01:00:00', NULL),
(163, 1, 1, 2, 16, '2026-01-20 08:50:00', '2026-01-20 09:35:00', 'completed', '', NULL, '7000.00', 'HUF', NULL, NULL, NULL, '2026-01-18 23:50:00', NULL),
(164, 1, 1, 2, 9, '2026-01-20 09:40:00', '2026-01-20 10:25:00', 'completed', '', NULL, '7000.00', 'HUF', NULL, NULL, NULL, '2026-01-19 01:40:00', NULL),
(165, 1, 3, 2, 10, '2026-01-20 10:30:00', '2026-01-20 11:40:00', 'completed', '', NULL, '11000.00', 'HUF', NULL, NULL, NULL, '2026-01-16 06:30:00', NULL),
(166, 1, 3, 1, 10, '2026-01-21 08:00:00', '2026-01-21 09:10:00', 'completed', '', NULL, '11000.00', 'HUF', NULL, NULL, NULL, '2026-01-12 07:00:00', NULL),
(167, 1, 1, 1, 11, '2026-01-21 09:20:00', '2026-01-21 10:05:00', 'completed', '', NULL, '7000.00', 'HUF', NULL, NULL, NULL, '2026-01-16 00:20:00', NULL),
(168, 1, 3, 1, 5, '2026-01-21 10:10:00', '2026-01-21 11:20:00', 'completed', '', NULL, '11000.00', 'HUF', NULL, NULL, NULL, '2026-01-11 02:10:00', NULL),
(169, 1, 3, 2, 17, '2026-01-21 08:00:00', '2026-01-21 09:10:00', 'completed', '', NULL, '11000.00', 'HUF', NULL, NULL, NULL, '2026-01-13 02:00:00', NULL),
(170, 1, 1, 2, 8, '2026-01-21 09:15:00', '2026-01-21 10:00:00', 'completed', '', NULL, '7000.00', 'HUF', NULL, NULL, NULL, '2026-01-11 07:15:00', NULL),
(171, 1, 1, 2, 5, '2026-01-21 10:10:00', '2026-01-21 10:55:00', 'completed', '', NULL, '7000.00', 'HUF', NULL, NULL, NULL, '2026-01-12 00:10:00', NULL),
(172, 1, 1, 2, 19, '2026-01-21 11:00:00', '2026-01-21 11:45:00', 'completed', '', NULL, '7000.00', 'HUF', NULL, NULL, NULL, '2026-01-12 04:00:00', NULL),
(173, 1, 1, 1, 11, '2026-01-22 08:00:00', '2026-01-22 08:45:00', 'completed', '', NULL, '7000.00', 'HUF', NULL, NULL, NULL, '2026-01-14 21:00:00', NULL),
(174, 1, 1, 1, 9, '2026-01-22 08:50:00', '2026-01-22 09:35:00', 'completed', '', NULL, '7000.00', 'HUF', NULL, NULL, NULL, '2026-01-11 22:50:00', NULL),
(175, 1, 1, 1, 8, '2026-01-22 09:40:00', '2026-01-22 10:25:00', 'completed', '', NULL, '7000.00', 'HUF', NULL, NULL, NULL, '2026-01-16 06:40:00', NULL),
(176, 1, 3, 1, 22, '2026-01-22 10:30:00', '2026-01-22 11:40:00', 'cancelled', '', NULL, '11000.00', 'HUF', 22, 'Nem tudok menni', '2026-01-22 06:30:00', '2026-01-15 23:30:00', NULL),
(177, 1, 3, 1, 18, '2026-01-22 11:45:00', '2026-01-22 12:55:00', 'completed', '', NULL, '11000.00', 'HUF', NULL, NULL, NULL, '2026-01-21 10:45:00', NULL),
(178, 1, 3, 2, 23, '2026-01-22 08:00:00', '2026-01-22 09:10:00', 'completed', '', NULL, '11000.00', 'HUF', NULL, NULL, NULL, '2026-01-19 06:00:00', NULL),
(179, 1, 1, 2, 8, '2026-01-22 09:20:00', '2026-01-22 10:05:00', 'completed', '', NULL, '7000.00', 'HUF', NULL, NULL, NULL, '2026-01-17 01:20:00', NULL),
(180, 1, 1, 2, 5, '2026-01-22 10:10:00', '2026-01-22 10:55:00', 'completed', '', NULL, '7000.00', 'HUF', NULL, NULL, NULL, '2026-01-16 22:10:00', NULL),
(181, 1, 1, 2, 17, '2026-01-22 11:05:00', '2026-01-22 11:50:00', 'completed', '', NULL, '7000.00', 'HUF', NULL, NULL, NULL, '2026-01-18 09:05:00', NULL),
(182, 1, 2, 2, 6, '2026-01-22 12:00:00', '2026-01-22 13:00:00', 'completed', '', NULL, '10000.00', 'HUF', NULL, NULL, NULL, '2026-01-12 00:00:00', NULL),
(183, 1, 1, 1, 10, '2026-01-23 08:00:00', '2026-01-23 08:45:00', 'completed', '', NULL, '7000.00', 'HUF', NULL, NULL, NULL, '2026-01-13 02:00:00', NULL),
(184, 1, 2, 1, 21, '2026-01-23 08:55:00', '2026-01-23 09:55:00', 'completed', '', NULL, '10000.00', 'HUF', NULL, NULL, NULL, '2026-01-18 02:55:00', NULL),
(185, 1, 3, 1, 22, '2026-01-23 10:00:00', '2026-01-23 11:10:00', 'completed', '', NULL, '11000.00', 'HUF', NULL, NULL, NULL, '2026-01-19 06:00:00', NULL),
(186, 1, 3, 2, 22, '2026-01-23 08:00:00', '2026-01-23 09:10:00', 'completed', '', NULL, '11000.00', 'HUF', NULL, NULL, NULL, '2026-01-20 01:00:00', NULL),
(187, 1, 1, 2, 10, '2026-01-23 09:20:00', '2026-01-23 10:05:00', 'completed', '', NULL, '7000.00', 'HUF', NULL, NULL, NULL, '2026-01-14 01:20:00', NULL),
(188, 1, 1, 2, 8, '2026-01-23 10:10:00', '2026-01-23 10:55:00', 'no_show', '', NULL, '7000.00', 'HUF', NULL, NULL, NULL, '2026-01-22 05:10:00', NULL),
(189, 1, 1, 2, 23, '2026-01-23 11:00:00', '2026-01-23 11:45:00', 'completed', '', NULL, '7000.00', 'HUF', NULL, NULL, NULL, '2026-01-19 07:00:00', NULL),
(190, 1, 1, 1, 18, '2026-01-24 08:00:00', '2026-01-24 08:45:00', 'completed', '', NULL, '7000.00', 'HUF', NULL, NULL, NULL, '2026-01-14 08:00:00', NULL),
(191, 1, 3, 1, 19, '2026-01-24 08:50:00', '2026-01-24 10:00:00', 'completed', '', NULL, '11000.00', 'HUF', NULL, NULL, NULL, '2026-01-16 22:50:00', NULL),
(192, 1, 1, 1, 15, '2026-01-24 10:05:00', '2026-01-24 10:50:00', 'completed', '', NULL, '7000.00', 'HUF', NULL, NULL, NULL, '2026-01-14 02:05:00', NULL),
(193, 1, 1, 1, 12, '2026-01-24 10:55:00', '2026-01-24 11:40:00', 'completed', '', NULL, '7000.00', 'HUF', NULL, NULL, NULL, '2026-01-19 02:55:00', NULL),
(194, 1, 1, 1, 7, '2026-01-24 11:45:00', '2026-01-24 12:30:00', 'completed', '', NULL, '7000.00', 'HUF', NULL, NULL, NULL, '2026-01-18 06:45:00', NULL),
(195, 1, 1, 2, 21, '2026-01-24 08:00:00', '2026-01-24 08:45:00', 'completed', '', NULL, '7000.00', 'HUF', NULL, NULL, NULL, '2026-01-20 05:00:00', NULL),
(196, 1, 2, 2, 24, '2026-01-24 08:50:00', '2026-01-24 09:50:00', 'completed', '', NULL, '10000.00', 'HUF', NULL, NULL, NULL, '2026-01-15 05:50:00', NULL),
(197, 1, 1, 2, 7, '2026-01-24 09:55:00', '2026-01-24 10:40:00', 'completed', '', NULL, '7000.00', 'HUF', NULL, NULL, NULL, '2026-01-21 01:55:00', NULL),
(198, 1, 2, 2, 9, '2026-01-24 10:50:00', '2026-01-24 11:50:00', 'completed', '', NULL, '10000.00', 'HUF', NULL, NULL, NULL, '2026-01-17 04:50:00', NULL),
(199, 1, 1, 2, 1, '2026-01-24 11:55:00', '2026-01-24 12:40:00', 'completed', '', NULL, '7000.00', 'HUF', NULL, NULL, NULL, '2026-01-22 04:55:00', NULL),
(200, 1, 3, 1, 7, '2026-01-27 08:00:00', '2026-01-27 09:10:00', 'completed', '', NULL, '11000.00', 'HUF', NULL, NULL, NULL, '2026-01-18 04:00:00', NULL),
(201, 1, 1, 1, 23, '2026-01-27 09:15:00', '2026-01-27 10:00:00', 'completed', '', NULL, '7000.00', 'HUF', NULL, NULL, NULL, '2026-01-17 01:15:00', NULL),
(202, 1, 1, 1, 13, '2026-01-27 10:05:00', '2026-01-27 10:50:00', 'completed', '', NULL, '7000.00', 'HUF', NULL, NULL, NULL, '2026-01-17 08:05:00', NULL),
(203, 1, 3, 1, 21, '2026-01-27 10:55:00', '2026-01-27 12:05:00', 'no_show', '', NULL, '11000.00', 'HUF', NULL, NULL, NULL, '2026-01-26 05:55:00', NULL),
(204, 1, 1, 2, 14, '2026-01-27 08:00:00', '2026-01-27 08:45:00', 'completed', '', NULL, '7000.00', 'HUF', NULL, NULL, NULL, '2026-01-19 00:00:00', NULL),
(205, 1, 3, 2, 23, '2026-01-27 08:50:00', '2026-01-27 10:00:00', 'completed', '', NULL, '11000.00', 'HUF', NULL, NULL, NULL, '2026-01-22 02:50:00', NULL),
(206, 1, 3, 2, 10, '2026-01-27 10:10:00', '2026-01-27 11:20:00', 'completed', '', NULL, '11000.00', 'HUF', NULL, NULL, NULL, '2026-01-22 06:10:00', NULL),
(207, 1, 3, 2, 12, '2026-01-27 11:30:00', '2026-01-27 12:40:00', 'completed', '', NULL, '11000.00', 'HUF', NULL, NULL, NULL, '2026-01-22 07:30:00', NULL),
(208, 1, 1, 1, 10, '2026-01-28 08:00:00', '2026-01-28 08:45:00', 'no_show', '', NULL, '7000.00', 'HUF', NULL, NULL, NULL, '2026-01-21 08:00:00', NULL),
(209, 1, 3, 1, 1, '2026-01-28 08:50:00', '2026-01-28 10:00:00', 'completed', '', NULL, '11000.00', 'HUF', NULL, NULL, NULL, '2026-01-17 22:50:00', NULL),
(210, 1, 1, 1, 12, '2026-01-28 10:05:00', '2026-01-28 10:50:00', 'no_show', '', NULL, '7000.00', 'HUF', NULL, NULL, NULL, '2026-01-19 09:05:00', NULL),
(211, 1, 3, 1, 6, '2026-01-28 10:55:00', '2026-01-28 12:05:00', 'completed', '', NULL, '11000.00', 'HUF', NULL, NULL, NULL, '2026-01-26 10:55:00', NULL),
(212, 1, 2, 2, 1, '2026-01-28 08:00:00', '2026-01-28 09:00:00', 'no_show', '', NULL, '10000.00', 'HUF', NULL, NULL, NULL, '2026-01-25 05:00:00', NULL),
(213, 1, 1, 2, 24, '2026-01-28 09:05:00', '2026-01-28 09:50:00', 'completed', '', NULL, '7000.00', 'HUF', NULL, NULL, NULL, '2026-01-24 09:05:00', NULL),
(214, 1, 1, 2, 15, '2026-01-28 10:00:00', '2026-01-28 10:45:00', 'completed', '', NULL, '7000.00', 'HUF', NULL, NULL, NULL, '2026-01-18 05:00:00', NULL),
(215, 1, 1, 2, 21, '2026-01-28 10:55:00', '2026-01-28 11:40:00', 'completed', '', NULL, '7000.00', 'HUF', NULL, NULL, NULL, '2026-01-20 06:55:00', NULL),
(216, 1, 3, 2, 6, '2026-01-28 11:50:00', '2026-01-28 13:00:00', 'completed', '', NULL, '11000.00', 'HUF', NULL, NULL, NULL, '2026-01-23 02:50:00', NULL),
(217, 1, 1, 1, 5, '2026-01-29 08:00:00', '2026-01-29 08:45:00', 'completed', '', NULL, '7000.00', 'HUF', NULL, NULL, NULL, '2026-01-18 22:00:00', NULL),
(218, 1, 1, 1, 20, '2026-01-29 08:55:00', '2026-01-29 09:40:00', 'completed', '', NULL, '7000.00', 'HUF', NULL, NULL, NULL, '2026-01-19 00:55:00', NULL),
(219, 1, 1, 1, 1, '2026-01-29 09:50:00', '2026-01-29 10:35:00', 'completed', '', NULL, '7000.00', 'HUF', NULL, NULL, NULL, '2026-01-20 09:50:00', NULL),
(220, 1, 1, 1, 8, '2026-01-29 10:45:00', '2026-01-29 11:30:00', 'completed', '', NULL, '7000.00', 'HUF', NULL, NULL, NULL, '2026-01-19 23:45:00', NULL),
(221, 1, 3, 1, 21, '2026-01-29 11:35:00', '2026-01-29 12:45:00', 'completed', '', NULL, '11000.00', 'HUF', NULL, NULL, NULL, '2026-01-28 06:35:00', NULL),
(222, 1, 1, 2, 20, '2026-01-29 08:00:00', '2026-01-29 08:45:00', 'completed', '', NULL, '7000.00', 'HUF', NULL, NULL, NULL, '2026-01-25 07:00:00', NULL),
(223, 1, 3, 2, 21, '2026-01-29 08:50:00', '2026-01-29 10:00:00', 'completed', '', NULL, '11000.00', 'HUF', NULL, NULL, NULL, '2026-01-24 22:50:00', NULL),
(224, 1, 3, 2, 14, '2026-01-29 10:05:00', '2026-01-29 11:15:00', 'completed', '', NULL, '11000.00', 'HUF', NULL, NULL, NULL, '2026-01-20 05:05:00', NULL),
(225, 1, 1, 2, 12, '2026-01-29 11:20:00', '2026-01-29 12:05:00', 'completed', '', NULL, '7000.00', 'HUF', NULL, NULL, NULL, '2026-01-26 00:20:00', NULL),
(226, 1, 1, 1, 1, '2026-01-30 08:00:00', '2026-01-30 08:45:00', 'completed', '', NULL, '7000.00', 'HUF', NULL, NULL, NULL, '2026-01-29 05:00:00', NULL),
(227, 1, 1, 1, 8, '2026-01-30 08:55:00', '2026-01-30 09:40:00', 'no_show', '', NULL, '7000.00', 'HUF', NULL, NULL, NULL, '2026-01-28 23:55:00', NULL),
(228, 1, 1, 1, 16, '2026-01-30 09:50:00', '2026-01-30 10:35:00', 'completed', '', NULL, '7000.00', 'HUF', NULL, NULL, NULL, '2026-01-29 07:50:00', NULL),
(229, 1, 1, 1, 11, '2026-01-30 10:40:00', '2026-01-30 11:25:00', 'completed', '', NULL, '7000.00', 'HUF', NULL, NULL, NULL, '2026-01-23 22:40:00', NULL),
(230, 1, 3, 2, 14, '2026-01-30 08:00:00', '2026-01-30 09:10:00', 'completed', '', NULL, '11000.00', 'HUF', NULL, NULL, NULL, '2026-01-20 23:00:00', NULL),
(231, 1, 3, 2, 7, '2026-01-30 09:20:00', '2026-01-30 10:30:00', 'completed', '', NULL, '11000.00', 'HUF', NULL, NULL, NULL, '2026-01-27 07:20:00', NULL),
(232, 1, 1, 2, 21, '2026-01-30 10:35:00', '2026-01-30 11:20:00', 'completed', '', NULL, '7000.00', 'HUF', NULL, NULL, NULL, '2026-01-20 23:35:00', NULL),
(233, 1, 1, 2, 22, '2026-01-30 11:25:00', '2026-01-30 12:10:00', 'completed', '', NULL, '7000.00', 'HUF', NULL, NULL, NULL, '2026-01-20 10:25:00', NULL),
(234, 1, 1, 1, 7, '2026-01-31 08:00:00', '2026-01-31 08:45:00', 'completed', '', NULL, '7000.00', 'HUF', NULL, NULL, NULL, '2026-01-28 00:00:00', NULL),
(235, 1, 3, 1, 5, '2026-01-31 08:50:00', '2026-01-31 10:00:00', 'completed', '', NULL, '11000.00', 'HUF', NULL, NULL, NULL, '2026-01-29 22:50:00', NULL),
(236, 1, 3, 1, 8, '2026-01-31 10:10:00', '2026-01-31 11:20:00', 'completed', '', NULL, '11000.00', 'HUF', NULL, NULL, NULL, '2026-01-22 06:10:00', NULL),
(237, 1, 3, 1, 1, '2026-01-31 11:25:00', '2026-01-31 12:35:00', 'completed', '', NULL, '11000.00', 'HUF', NULL, NULL, NULL, '2026-01-23 02:25:00', NULL),
(238, 1, 3, 1, 11, '2026-01-31 12:40:00', '2026-01-31 13:50:00', 'completed', '', NULL, '11000.00', 'HUF', NULL, NULL, NULL, '2026-01-23 03:40:00', NULL),
(239, 1, 2, 2, 17, '2026-01-31 08:00:00', '2026-01-31 09:00:00', 'completed', '', NULL, '10000.00', 'HUF', NULL, NULL, NULL, '2026-01-28 08:00:00', NULL),
(240, 1, 1, 2, 1, '2026-01-31 09:10:00', '2026-01-31 09:55:00', 'completed', '', NULL, '7000.00', 'HUF', NULL, NULL, NULL, '2026-01-25 09:10:00', NULL),
(241, 1, 2, 2, 12, '2026-01-31 10:05:00', '2026-01-31 11:05:00', 'completed', '', NULL, '10000.00', 'HUF', NULL, NULL, NULL, '2026-01-30 01:05:00', NULL),
(242, 1, 1, 1, 24, '2026-02-03 08:00:00', '2026-02-03 08:45:00', 'completed', '', NULL, '7000.00', 'HUF', NULL, NULL, NULL, '2026-01-28 00:00:00', NULL),
(243, 1, 1, 1, 5, '2026-02-03 08:55:00', '2026-02-03 09:40:00', 'completed', '', NULL, '7000.00', 'HUF', NULL, NULL, NULL, '2026-01-30 00:55:00', NULL),
(244, 1, 1, 1, 7, '2026-02-03 09:45:00', '2026-02-03 10:30:00', 'completed', '', NULL, '7000.00', 'HUF', NULL, NULL, NULL, '2026-01-24 21:45:00', NULL),
(245, 1, 3, 2, 22, '2026-02-03 08:00:00', '2026-02-03 09:10:00', 'completed', '', NULL, '11000.00', 'HUF', NULL, NULL, NULL, '2026-01-25 04:00:00', NULL),
(246, 1, 3, 2, 5, '2026-02-03 09:15:00', '2026-02-03 10:25:00', 'completed', '', NULL, '11000.00', 'HUF', NULL, NULL, NULL, '2026-01-30 23:15:00', NULL),
(247, 1, 3, 2, 9, '2026-02-03 10:30:00', '2026-02-03 11:40:00', 'completed', '', NULL, '11000.00', 'HUF', NULL, NULL, NULL, '2026-01-31 00:30:00', NULL),
(248, 1, 3, 1, 21, '2026-02-04 08:00:00', '2026-02-04 09:10:00', 'cancelled', '', NULL, '11000.00', 'HUF', 21, 'Nem tudok menni', '2026-02-03 19:00:00', '2026-01-25 05:00:00', NULL),
(249, 1, 1, 1, 19, '2026-02-04 09:20:00', '2026-02-04 10:05:00', 'completed', '', NULL, '7000.00', 'HUF', NULL, NULL, NULL, '2026-01-26 03:20:00', NULL),
(250, 1, 1, 1, 16, '2026-02-04 10:10:00', '2026-02-04 10:55:00', 'completed', '', NULL, '7000.00', 'HUF', NULL, NULL, NULL, '2026-01-27 10:10:00', NULL),
(251, 1, 1, 1, 14, '2026-02-04 11:00:00', '2026-02-04 11:45:00', 'completed', '', NULL, '7000.00', 'HUF', NULL, NULL, NULL, '2026-01-27 07:00:00', NULL),
(252, 1, 3, 1, 24, '2026-02-04 11:50:00', '2026-02-04 13:00:00', 'completed', '', NULL, '11000.00', 'HUF', NULL, NULL, NULL, '2026-01-29 09:50:00', NULL),
(253, 1, 3, 2, 14, '2026-02-04 08:00:00', '2026-02-04 09:10:00', 'completed', '', NULL, '11000.00', 'HUF', NULL, NULL, NULL, '2026-01-26 22:00:00', NULL),
(254, 1, 1, 2, 6, '2026-02-04 09:15:00', '2026-02-04 10:00:00', 'completed', '', NULL, '7000.00', 'HUF', NULL, NULL, NULL, '2026-02-02 02:15:00', NULL),
(255, 1, 1, 2, 24, '2026-02-04 10:05:00', '2026-02-04 10:50:00', 'cancelled', '', NULL, '7000.00', 'HUF', 24, 'Nem tudok menni', '2026-02-04 05:05:00', '2026-01-28 05:05:00', NULL),
(256, 1, 3, 1, 15, '2026-02-05 08:00:00', '2026-02-05 09:10:00', 'completed', '', NULL, '11000.00', 'HUF', NULL, NULL, NULL, '2026-01-28 21:00:00', NULL),
(257, 1, 3, 1, 13, '2026-02-05 09:15:00', '2026-02-05 10:25:00', 'completed', '', NULL, '11000.00', 'HUF', NULL, NULL, NULL, '2026-01-27 07:15:00', NULL),
(258, 1, 3, 1, 6, '2026-02-05 10:35:00', '2026-02-05 11:45:00', 'completed', '', NULL, '11000.00', 'HUF', NULL, NULL, NULL, '2026-01-28 01:35:00', NULL),
(259, 1, 1, 1, 10, '2026-02-05 11:50:00', '2026-02-05 12:35:00', 'completed', '', NULL, '7000.00', 'HUF', NULL, NULL, NULL, '2026-02-03 05:50:00', NULL),
(260, 1, 1, 1, 18, '2026-02-05 12:40:00', '2026-02-05 13:25:00', 'completed', '', NULL, '7000.00', 'HUF', NULL, NULL, NULL, '2026-01-30 10:40:00', NULL),
(261, 1, 1, 2, 9, '2026-02-05 08:00:00', '2026-02-05 08:45:00', 'completed', '', NULL, '7000.00', 'HUF', NULL, NULL, NULL, '2026-02-03 01:00:00', NULL),
(262, 1, 2, 2, 17, '2026-02-05 08:50:00', '2026-02-05 09:50:00', 'completed', '', NULL, '10000.00', 'HUF', NULL, NULL, NULL, '2026-01-31 01:50:00', NULL),
(263, 1, 2, 2, 7, '2026-02-05 09:55:00', '2026-02-05 10:55:00', 'completed', '', NULL, '10000.00', 'HUF', NULL, NULL, NULL, '2026-01-27 01:55:00', NULL),
(264, 1, 3, 2, 15, '2026-02-05 11:00:00', '2026-02-05 12:10:00', 'completed', '', NULL, '11000.00', 'HUF', NULL, NULL, NULL, '2026-01-26 08:00:00', NULL),
(265, 1, 1, 2, 23, '2026-02-05 12:15:00', '2026-02-05 13:00:00', 'completed', '', NULL, '7000.00', 'HUF', NULL, NULL, NULL, '2026-01-28 06:15:00', NULL),
(266, 1, 3, 1, 20, '2026-02-06 08:00:00', '2026-02-06 09:10:00', 'completed', '', NULL, '11000.00', 'HUF', NULL, NULL, NULL, '2026-02-03 23:00:00', NULL),
(267, 1, 1, 1, 19, '2026-02-06 09:20:00', '2026-02-06 10:05:00', 'completed', '', NULL, '7000.00', 'HUF', NULL, NULL, NULL, '2026-01-31 22:20:00', NULL),
(268, 1, 2, 1, 5, '2026-02-06 10:10:00', '2026-02-06 11:10:00', 'completed', '', NULL, '10000.00', 'HUF', NULL, NULL, NULL, '2026-02-01 03:10:00', NULL),
(269, 1, 3, 2, 9, '2026-02-06 08:00:00', '2026-02-06 09:10:00', 'no_show', '', NULL, '11000.00', 'HUF', NULL, NULL, NULL, '2026-01-30 01:00:00', NULL),
(270, 1, 3, 2, 16, '2026-02-06 09:15:00', '2026-02-06 10:25:00', 'completed', '', NULL, '11000.00', 'HUF', NULL, NULL, NULL, '2026-02-03 02:15:00', NULL),
(271, 1, 1, 2, 10, '2026-02-06 10:35:00', '2026-02-06 11:20:00', 'completed', '', NULL, '7000.00', 'HUF', NULL, NULL, NULL, '2026-02-01 05:35:00', NULL),
(272, 1, 1, 1, 1, '2026-02-07 08:00:00', '2026-02-07 08:45:00', 'completed', '', NULL, '7000.00', 'HUF', NULL, NULL, NULL, '2026-02-05 00:00:00', NULL),
(273, 1, 1, 1, 16, '2026-02-07 08:50:00', '2026-02-07 09:35:00', 'completed', '', NULL, '7000.00', 'HUF', NULL, NULL, NULL, '2026-02-03 21:50:00', NULL),
(274, 1, 3, 1, 21, '2026-02-07 09:40:00', '2026-02-07 10:50:00', 'completed', '', NULL, '11000.00', 'HUF', NULL, NULL, NULL, '2026-01-29 23:40:00', NULL),
(275, 1, 1, 1, 8, '2026-02-07 11:00:00', '2026-02-07 11:45:00', 'completed', '', NULL, '7000.00', 'HUF', NULL, NULL, NULL, '2026-02-02 08:00:00', NULL),
(276, 1, 3, 2, 17, '2026-02-07 08:00:00', '2026-02-07 09:10:00', 'completed', '', NULL, '11000.00', 'HUF', NULL, NULL, NULL, '2026-02-04 23:00:00', NULL),
(277, 1, 1, 2, 9, '2026-02-07 09:15:00', '2026-02-07 10:00:00', 'completed', '', NULL, '7000.00', 'HUF', NULL, NULL, NULL, '2026-02-04 06:15:00', NULL),
(278, 1, 3, 2, 23, '2026-02-07 10:10:00', '2026-02-07 11:20:00', 'cancelled', '', NULL, '11000.00', 'HUF', 23, 'Nem tudok menni', '2026-02-06 18:10:00', '2026-01-30 22:10:00', NULL),
(279, 1, 1, 2, 24, '2026-02-07 11:25:00', '2026-02-07 12:10:00', 'completed', '', NULL, '7000.00', 'HUF', NULL, NULL, NULL, '2026-01-30 08:25:00', NULL),
(280, 1, 3, 2, 5, '2026-02-07 12:15:00', '2026-02-07 13:25:00', 'completed', '', NULL, '11000.00', 'HUF', NULL, NULL, NULL, '2026-02-03 11:15:00', NULL),
(281, 1, 3, 1, 19, '2026-02-10 08:00:00', '2026-02-10 09:10:00', 'completed', '', NULL, '11000.00', 'HUF', NULL, NULL, NULL, '2026-02-06 07:00:00', NULL),
(282, 1, 1, 1, 13, '2026-02-10 09:15:00', '2026-02-10 10:00:00', 'completed', '', NULL, '7000.00', 'HUF', NULL, NULL, NULL, '2026-02-01 05:15:00', NULL),
(283, 1, 3, 1, 16, '2026-02-10 10:05:00', '2026-02-10 11:15:00', 'completed', '', NULL, '11000.00', 'HUF', NULL, NULL, NULL, '2026-02-09 03:05:00', NULL),
(284, 1, 1, 2, 13, '2026-02-10 08:00:00', '2026-02-10 08:45:00', 'completed', '', NULL, '7000.00', 'HUF', NULL, NULL, NULL, '2026-02-05 02:00:00', NULL),
(285, 1, 3, 2, 11, '2026-02-10 08:50:00', '2026-02-10 10:00:00', 'completed', '', NULL, '11000.00', 'HUF', NULL, NULL, NULL, '2026-02-03 06:50:00', NULL),
(286, 1, 1, 2, 12, '2026-02-10 10:05:00', '2026-02-10 10:50:00', 'completed', '', NULL, '7000.00', 'HUF', NULL, NULL, NULL, '2026-01-31 03:05:00', NULL),
(287, 1, 3, 1, 21, '2026-02-11 08:00:00', '2026-02-11 09:10:00', 'completed', '', NULL, '11000.00', 'HUF', NULL, NULL, NULL, '2026-02-07 20:00:00', NULL),
(288, 1, 2, 1, 12, '2026-02-11 09:15:00', '2026-02-11 10:15:00', 'completed', '', NULL, '10000.00', 'HUF', NULL, NULL, NULL, '2026-02-03 05:15:00', NULL),
(289, 1, 2, 1, 1, '2026-02-11 10:20:00', '2026-02-11 11:20:00', 'completed', '', NULL, '10000.00', 'HUF', NULL, NULL, NULL, '2026-02-08 03:20:00', NULL),
(290, 1, 1, 1, 20, '2026-02-11 11:25:00', '2026-02-11 12:10:00', 'no_show', '', NULL, '7000.00', 'HUF', NULL, NULL, NULL, '2026-02-02 07:25:00', NULL),
(291, 1, 1, 1, 18, '2026-02-11 12:15:00', '2026-02-11 13:00:00', 'no_show', '', NULL, '7000.00', 'HUF', NULL, NULL, NULL, '2026-02-03 07:15:00', NULL),
(292, 1, 2, 2, 22, '2026-02-11 08:00:00', '2026-02-11 09:00:00', 'completed', '', NULL, '10000.00', 'HUF', NULL, NULL, NULL, '2026-02-09 21:00:00', NULL),
(293, 1, 1, 2, 13, '2026-02-11 09:05:00', '2026-02-11 09:50:00', 'no_show', '', NULL, '7000.00', 'HUF', NULL, NULL, NULL, '2026-02-01 07:05:00', NULL),
(294, 1, 1, 2, 6, '2026-02-11 10:00:00', '2026-02-11 10:45:00', 'completed', '', NULL, '7000.00', 'HUF', NULL, NULL, NULL, '2026-02-06 08:00:00', NULL),
(295, 1, 2, 2, 18, '2026-02-11 10:55:00', '2026-02-11 11:55:00', 'completed', '', NULL, '10000.00', 'HUF', NULL, NULL, NULL, '2026-02-10 09:55:00', NULL),
(296, 1, 1, 2, 10, '2026-02-11 12:00:00', '2026-02-11 12:45:00', 'completed', '', NULL, '7000.00', 'HUF', NULL, NULL, NULL, '2026-02-01 12:00:00', NULL),
(297, 1, 1, 1, 12, '2026-02-12 08:00:00', '2026-02-12 08:45:00', 'completed', '', NULL, '7000.00', 'HUF', NULL, NULL, NULL, '2026-02-05 20:00:00', NULL),
(298, 1, 3, 1, 23, '2026-02-12 08:55:00', '2026-02-12 10:05:00', 'completed', '', NULL, '11000.00', 'HUF', NULL, NULL, NULL, '2026-02-04 04:55:00', NULL),
(299, 1, 2, 1, 17, '2026-02-12 10:15:00', '2026-02-12 11:15:00', 'completed', '', NULL, '10000.00', 'HUF', NULL, NULL, NULL, '2026-02-09 07:15:00', NULL),
(300, 1, 3, 1, 9, '2026-02-12 11:20:00', '2026-02-12 12:30:00', 'completed', '', NULL, '11000.00', 'HUF', NULL, NULL, NULL, '2026-02-03 03:20:00', NULL),
(301, 1, 1, 2, 16, '2026-02-12 08:00:00', '2026-02-12 08:45:00', 'no_show', '', NULL, '7000.00', 'HUF', NULL, NULL, NULL, '2026-02-07 22:00:00', NULL),
(302, 1, 1, 2, 12, '2026-02-12 08:50:00', '2026-02-12 09:35:00', 'completed', '', NULL, '7000.00', 'HUF', NULL, NULL, NULL, '2026-02-07 23:50:00', NULL),
(303, 1, 1, 2, 20, '2026-02-12 09:40:00', '2026-02-12 10:25:00', 'completed', '', NULL, '7000.00', 'HUF', NULL, NULL, NULL, '2026-02-06 00:40:00', NULL),
(304, 1, 1, 2, 24, '2026-02-12 10:30:00', '2026-02-12 11:15:00', 'cancelled', '', NULL, '7000.00', 'HUF', 24, 'Nem tudok menni', '2026-02-11 23:30:00', '2026-02-06 02:30:00', NULL),
(305, 1, 1, 2, 15, '2026-02-12 11:20:00', '2026-02-12 12:05:00', 'completed', '', NULL, '7000.00', 'HUF', NULL, NULL, NULL, '2026-02-07 07:20:00', NULL),
(306, 1, 2, 1, 10, '2026-02-13 08:00:00', '2026-02-13 09:00:00', 'completed', '', NULL, '10000.00', 'HUF', NULL, NULL, NULL, '2026-02-04 05:00:00', NULL),
(307, 1, 3, 1, 17, '2026-02-13 09:05:00', '2026-02-13 10:15:00', 'completed', '', NULL, '11000.00', 'HUF', NULL, NULL, NULL, '2026-02-04 21:05:00', NULL),
(308, 1, 2, 1, 9, '2026-02-13 10:25:00', '2026-02-13 11:25:00', 'completed', '', NULL, '10000.00', 'HUF', NULL, NULL, NULL, '2026-02-02 23:25:00', NULL),
(309, 1, 1, 2, 14, '2026-02-13 08:00:00', '2026-02-13 08:45:00', 'completed', '', NULL, '7000.00', 'HUF', NULL, NULL, NULL, '2026-02-03 07:00:00', NULL),
(310, 1, 1, 2, 16, '2026-02-13 08:55:00', '2026-02-13 09:40:00', 'completed', '', NULL, '7000.00', 'HUF', NULL, NULL, NULL, '2026-02-05 06:55:00', NULL),
(311, 1, 1, 2, 7, '2026-02-13 09:50:00', '2026-02-13 10:35:00', 'completed', '', NULL, '7000.00', 'HUF', NULL, NULL, NULL, '2026-02-10 09:50:00', NULL),
(312, 1, 3, 2, 23, '2026-02-13 10:40:00', '2026-02-13 11:50:00', 'completed', '', NULL, '11000.00', 'HUF', NULL, NULL, NULL, '2026-02-12 00:40:00', NULL),
(313, 1, 3, 1, 13, '2026-02-14 08:00:00', '2026-02-14 09:10:00', 'no_show', '', NULL, '11000.00', 'HUF', NULL, NULL, NULL, '2026-02-12 06:00:00', NULL),
(314, 1, 1, 1, 12, '2026-02-14 09:20:00', '2026-02-14 10:05:00', 'completed', '', NULL, '7000.00', 'HUF', NULL, NULL, NULL, '2026-02-07 01:20:00', NULL),
(315, 1, 1, 1, 15, '2026-02-14 10:10:00', '2026-02-14 10:55:00', 'completed', '', NULL, '7000.00', 'HUF', NULL, NULL, NULL, '2026-02-04 10:10:00', NULL),
(316, 1, 3, 2, 23, '2026-02-14 08:00:00', '2026-02-14 09:10:00', 'completed', '', NULL, '11000.00', 'HUF', NULL, NULL, NULL, '2026-02-04 20:00:00', NULL),
(317, 1, 3, 2, 21, '2026-02-14 09:15:00', '2026-02-14 10:25:00', 'completed', '', NULL, '11000.00', 'HUF', NULL, NULL, NULL, '2026-02-04 02:15:00', NULL),
(318, 1, 3, 2, 5, '2026-02-14 10:30:00', '2026-02-14 11:40:00', 'completed', '', NULL, '11000.00', 'HUF', NULL, NULL, NULL, '2026-02-04 07:30:00', NULL),
(319, 1, 1, 2, 7, '2026-02-14 11:50:00', '2026-02-14 12:35:00', 'completed', '', NULL, '7000.00', 'HUF', NULL, NULL, NULL, '2026-02-08 07:50:00', NULL),
(320, 1, 3, 1, 7, '2026-02-17 08:00:00', '2026-02-17 09:10:00', 'completed', '', NULL, '11000.00', 'HUF', NULL, NULL, NULL, '2026-02-14 02:00:00', NULL),
(321, 1, 3, 1, 21, '2026-02-17 09:20:00', '2026-02-17 10:30:00', 'completed', '', NULL, '11000.00', 'HUF', NULL, NULL, NULL, '2026-02-16 01:20:00', NULL),
(322, 1, 3, 1, 24, '2026-02-17 10:35:00', '2026-02-17 11:45:00', 'completed', '', NULL, '11000.00', 'HUF', NULL, NULL, NULL, '2026-02-11 00:35:00', NULL),
(323, 1, 1, 1, 11, '2026-02-17 11:55:00', '2026-02-17 12:40:00', 'completed', '', NULL, '7000.00', 'HUF', NULL, NULL, NULL, '2026-02-12 07:55:00', NULL),
(324, 1, 3, 2, 19, '2026-02-17 08:00:00', '2026-02-17 09:10:00', 'completed', '', NULL, '11000.00', 'HUF', NULL, NULL, NULL, '2026-02-09 03:00:00', NULL),
(325, 1, 3, 2, 13, '2026-02-17 09:15:00', '2026-02-17 10:25:00', 'completed', '', NULL, '11000.00', 'HUF', NULL, NULL, NULL, '2026-02-16 06:15:00', NULL);
INSERT INTO `appointments` (`id`, `company_id`, `service_id`, `staff_id`, `client_id`, `start_time`, `end_time`, `status`, `notes`, `internal_notes`, `price`, `currency`, `cancelled_by`, `cancelled_reason`, `cancelled_at`, `created_at`, `updated_at`) VALUES
(326, 1, 3, 2, 15, '2026-02-17 10:30:00', '2026-02-17 11:40:00', 'completed', '', NULL, '11000.00', 'HUF', NULL, NULL, NULL, '2026-02-09 22:30:00', NULL),
(327, 1, 1, 2, 10, '2026-02-17 11:45:00', '2026-02-17 12:30:00', 'completed', '', NULL, '7000.00', 'HUF', NULL, NULL, NULL, '2026-02-16 09:45:00', NULL),
(328, 1, 1, 2, 9, '2026-02-17 12:40:00', '2026-02-17 13:25:00', 'completed', '', NULL, '7000.00', 'HUF', NULL, NULL, NULL, '2026-02-12 01:40:00', NULL),
(329, 1, 1, 1, 6, '2026-02-18 08:00:00', '2026-02-18 08:45:00', 'completed', '', NULL, '7000.00', 'HUF', NULL, NULL, NULL, '2026-02-07 21:00:00', NULL),
(330, 1, 3, 1, 23, '2026-02-18 08:55:00', '2026-02-18 10:05:00', 'completed', '', NULL, '11000.00', 'HUF', NULL, NULL, NULL, '2026-02-08 08:55:00', NULL),
(331, 1, 1, 1, 7, '2026-02-18 10:15:00', '2026-02-18 11:00:00', 'completed', '', NULL, '7000.00', 'HUF', NULL, NULL, NULL, '2026-02-14 09:15:00', NULL),
(332, 1, 1, 2, 23, '2026-02-18 08:00:00', '2026-02-18 08:45:00', 'completed', '', NULL, '7000.00', 'HUF', NULL, NULL, NULL, '2026-02-14 23:00:00', NULL),
(333, 1, 1, 2, 14, '2026-02-18 08:55:00', '2026-02-18 09:40:00', 'completed', '', NULL, '7000.00', 'HUF', NULL, NULL, NULL, '2026-02-09 03:55:00', NULL),
(334, 1, 3, 2, 10, '2026-02-18 09:50:00', '2026-02-18 11:00:00', 'completed', '', NULL, '11000.00', 'HUF', NULL, NULL, NULL, '2026-02-14 01:50:00', NULL),
(335, 1, 1, 2, 15, '2026-02-18 11:05:00', '2026-02-18 11:50:00', 'no_show', '', NULL, '7000.00', 'HUF', NULL, NULL, NULL, '2026-02-10 10:05:00', NULL),
(336, 1, 3, 1, 15, '2026-02-19 08:00:00', '2026-02-19 09:10:00', 'cancelled', '', NULL, '11000.00', 'HUF', 15, 'Nem tudok menni', '2026-02-18 19:00:00', '2026-02-17 22:00:00', NULL),
(337, 1, 1, 1, 11, '2026-02-19 09:20:00', '2026-02-19 10:05:00', 'completed', '', NULL, '7000.00', 'HUF', NULL, NULL, NULL, '2026-02-12 09:20:00', NULL),
(338, 1, 3, 1, 23, '2026-02-19 10:15:00', '2026-02-19 11:25:00', 'completed', '', NULL, '11000.00', 'HUF', NULL, NULL, NULL, '2026-02-09 07:15:00', NULL),
(339, 1, 1, 2, 13, '2026-02-19 08:00:00', '2026-02-19 08:45:00', 'completed', '', NULL, '7000.00', 'HUF', NULL, NULL, NULL, '2026-02-15 03:00:00', NULL),
(340, 1, 1, 2, 22, '2026-02-19 08:50:00', '2026-02-19 09:35:00', 'completed', '', NULL, '7000.00', 'HUF', NULL, NULL, NULL, '2026-02-17 03:50:00', NULL),
(341, 1, 3, 2, 1, '2026-02-19 09:40:00', '2026-02-19 10:50:00', 'no_show', '', NULL, '11000.00', 'HUF', NULL, NULL, NULL, '2026-02-13 07:40:00', NULL),
(342, 1, 1, 2, 6, '2026-02-19 10:55:00', '2026-02-19 11:40:00', 'completed', '', NULL, '7000.00', 'HUF', NULL, NULL, NULL, '2026-02-17 08:55:00', NULL),
(343, 1, 1, 2, 20, '2026-02-19 11:45:00', '2026-02-19 12:30:00', 'completed', '', NULL, '7000.00', 'HUF', NULL, NULL, NULL, '2026-02-16 06:45:00', NULL),
(344, 1, 3, 1, 9, '2026-02-20 08:00:00', '2026-02-20 09:10:00', 'completed', '', NULL, '11000.00', 'HUF', NULL, NULL, NULL, '2026-02-11 07:00:00', NULL),
(345, 1, 3, 1, 20, '2026-02-20 09:15:00', '2026-02-20 10:25:00', 'completed', '', NULL, '11000.00', 'HUF', NULL, NULL, NULL, '2026-02-14 06:15:00', NULL),
(346, 1, 1, 1, 16, '2026-02-20 10:30:00', '2026-02-20 11:15:00', 'completed', '', NULL, '7000.00', 'HUF', NULL, NULL, NULL, '2026-02-12 07:30:00', NULL),
(347, 1, 3, 1, 23, '2026-02-20 11:20:00', '2026-02-20 12:30:00', 'no_show', '', NULL, '11000.00', 'HUF', NULL, NULL, NULL, '2026-02-14 06:20:00', NULL),
(348, 1, 3, 1, 11, '2026-02-20 12:40:00', '2026-02-20 13:50:00', 'completed', '', NULL, '11000.00', 'HUF', NULL, NULL, NULL, '2026-02-10 01:40:00', NULL),
(349, 1, 1, 2, 5, '2026-02-20 08:00:00', '2026-02-20 08:45:00', 'completed', '', NULL, '7000.00', 'HUF', NULL, NULL, NULL, '2026-02-12 22:00:00', NULL),
(350, 1, 1, 2, 9, '2026-02-20 08:50:00', '2026-02-20 09:35:00', 'completed', '', NULL, '7000.00', 'HUF', NULL, NULL, NULL, '2026-02-09 22:50:00', NULL),
(351, 1, 1, 2, 21, '2026-02-20 09:45:00', '2026-02-20 10:30:00', 'completed', '', NULL, '7000.00', 'HUF', NULL, NULL, NULL, '2026-02-12 21:45:00', NULL),
(352, 1, 3, 2, 22, '2026-02-20 10:35:00', '2026-02-20 11:45:00', 'completed', '', NULL, '11000.00', 'HUF', NULL, NULL, NULL, '2026-02-19 00:35:00', NULL),
(353, 1, 3, 2, 10, '2026-02-20 11:50:00', '2026-02-20 13:00:00', 'completed', '', NULL, '11000.00', 'HUF', NULL, NULL, NULL, '2026-02-15 10:50:00', NULL),
(354, 1, 3, 1, 9, '2026-02-21 08:00:00', '2026-02-21 09:10:00', 'completed', '', NULL, '11000.00', 'HUF', NULL, NULL, NULL, '2026-02-19 05:00:00', NULL),
(355, 1, 1, 1, 13, '2026-02-21 09:15:00', '2026-02-21 10:00:00', 'completed', '', NULL, '7000.00', 'HUF', NULL, NULL, NULL, '2026-02-17 04:15:00', NULL),
(356, 1, 1, 1, 20, '2026-02-21 10:05:00', '2026-02-21 10:50:00', 'completed', '', NULL, '7000.00', 'HUF', NULL, NULL, NULL, '2026-02-16 06:05:00', NULL),
(357, 1, 3, 1, 1, '2026-02-21 11:00:00', '2026-02-21 12:10:00', 'cancelled', '', NULL, '11000.00', 'HUF', 1, 'Nem tudok menni', '2026-02-20 15:00:00', '2026-02-12 01:00:00', NULL),
(358, 1, 3, 1, 15, '2026-02-21 12:20:00', '2026-02-21 13:30:00', 'completed', '', NULL, '11000.00', 'HUF', NULL, NULL, NULL, '2026-02-14 05:20:00', NULL),
(359, 1, 2, 2, 22, '2026-02-21 08:00:00', '2026-02-21 09:00:00', 'completed', '', NULL, '10000.00', 'HUF', NULL, NULL, NULL, '2026-02-12 08:00:00', NULL),
(360, 1, 2, 2, 24, '2026-02-21 09:10:00', '2026-02-21 10:10:00', 'completed', '', NULL, '10000.00', 'HUF', NULL, NULL, NULL, '2026-02-15 05:10:00', NULL),
(361, 1, 1, 2, 16, '2026-02-21 10:15:00', '2026-02-21 11:00:00', 'no_show', '', NULL, '7000.00', 'HUF', NULL, NULL, NULL, '2026-02-16 06:15:00', NULL),
(362, 2, 4, 3, 16, '2025-12-23 10:00:00', '2025-12-23 11:00:00', 'completed', '', NULL, '7000.00', 'HUF', NULL, NULL, NULL, '2025-12-13 02:00:00', NULL),
(363, 2, 7, 3, 23, '2025-12-23 11:05:00', '2025-12-23 12:05:00', 'completed', '', NULL, '11000.00', 'HUF', NULL, NULL, NULL, '2025-12-19 23:05:00', NULL),
(364, 2, 4, 3, 5, '2025-12-23 12:15:00', '2025-12-23 13:15:00', 'completed', '', NULL, '7000.00', 'HUF', NULL, NULL, NULL, '2025-12-22 01:15:00', NULL),
(365, 2, 9, 3, 8, '2025-12-23 13:20:00', '2025-12-23 14:50:00', 'completed', '', NULL, '12000.00', 'HUF', NULL, NULL, NULL, '2025-12-14 04:20:00', NULL),
(366, 2, 4, 3, 22, '2025-12-23 15:00:00', '2025-12-23 16:00:00', 'completed', '', NULL, '7000.00', 'HUF', NULL, NULL, NULL, '2025-12-21 13:00:00', NULL),
(367, 2, 10, 3, 19, '2025-12-24 10:00:00', '2025-12-24 10:30:00', 'completed', '', NULL, '16500.00', 'HUF', NULL, NULL, NULL, '2025-12-22 23:00:00', NULL),
(368, 2, 4, 3, 6, '2025-12-24 10:35:00', '2025-12-24 11:35:00', 'completed', '', NULL, '7000.00', 'HUF', NULL, NULL, NULL, '2025-12-22 02:35:00', NULL),
(369, 2, 4, 3, 18, '2025-12-24 11:40:00', '2025-12-24 12:40:00', 'completed', '', NULL, '7000.00', 'HUF', NULL, NULL, NULL, '2025-12-17 07:40:00', NULL),
(370, 2, 7, 3, 6, '2025-12-25 10:00:00', '2025-12-25 11:00:00', 'completed', '', NULL, '11000.00', 'HUF', NULL, NULL, NULL, '2025-12-14 23:00:00', NULL),
(371, 2, 4, 3, 19, '2025-12-25 11:05:00', '2025-12-25 12:05:00', 'completed', '', NULL, '7000.00', 'HUF', NULL, NULL, NULL, '2025-12-22 04:05:00', NULL),
(372, 2, 6, 3, 7, '2025-12-25 12:15:00', '2025-12-25 12:45:00', 'completed', '', NULL, '3500.00', 'HUF', NULL, NULL, NULL, '2025-12-23 12:15:00', NULL),
(373, 2, 4, 3, 5, '2025-12-25 12:55:00', '2025-12-25 13:55:00', 'no_show', '', NULL, '7000.00', 'HUF', NULL, NULL, NULL, '2025-12-20 03:55:00', NULL),
(374, 2, 4, 3, 9, '2025-12-25 14:00:00', '2025-12-25 15:00:00', 'completed', '', NULL, '7000.00', 'HUF', NULL, NULL, NULL, '2025-12-16 03:00:00', NULL),
(375, 2, 9, 3, 20, '2025-12-26 10:00:00', '2025-12-26 11:30:00', 'completed', '', NULL, '12000.00', 'HUF', NULL, NULL, NULL, '2025-12-18 23:00:00', NULL),
(376, 2, 4, 3, 18, '2025-12-26 11:40:00', '2025-12-26 12:40:00', 'completed', '', NULL, '7000.00', 'HUF', NULL, NULL, NULL, '2025-12-17 06:40:00', NULL),
(377, 2, 5, 3, 16, '2025-12-26 12:50:00', '2025-12-26 14:20:00', 'no_show', '', NULL, '8500.00', 'HUF', NULL, NULL, NULL, '2025-12-19 06:50:00', NULL),
(378, 2, 9, 3, 12, '2025-12-26 14:30:00', '2025-12-26 16:00:00', 'completed', '', NULL, '12000.00', 'HUF', NULL, NULL, NULL, '2025-12-16 10:30:00', NULL),
(379, 2, 8, 3, 19, '2025-12-27 10:00:00', '2025-12-27 11:00:00', 'completed', '', NULL, '8000.00', 'HUF', NULL, NULL, NULL, '2025-12-20 02:00:00', NULL),
(380, 2, 7, 3, 21, '2025-12-27 11:05:00', '2025-12-27 12:05:00', 'completed', '', NULL, '11000.00', 'HUF', NULL, NULL, NULL, '2025-12-23 02:05:00', NULL),
(381, 2, 10, 3, 9, '2025-12-27 12:10:00', '2025-12-27 12:40:00', 'completed', '', NULL, '16500.00', 'HUF', NULL, NULL, NULL, '2025-12-18 00:10:00', NULL),
(382, 2, 7, 3, 16, '2025-12-27 12:45:00', '2025-12-27 13:45:00', 'no_show', '', NULL, '11000.00', 'HUF', NULL, NULL, NULL, '2025-12-26 01:45:00', NULL),
(383, 2, 6, 3, 6, '2025-12-27 13:55:00', '2025-12-27 14:25:00', 'completed', '', NULL, '3500.00', 'HUF', NULL, NULL, NULL, '2025-12-21 03:55:00', NULL),
(384, 2, 9, 3, 8, '2025-12-30 10:00:00', '2025-12-30 11:30:00', 'completed', '', NULL, '12000.00', 'HUF', NULL, NULL, NULL, '2025-12-29 10:00:00', NULL),
(385, 2, 4, 3, 16, '2025-12-30 11:35:00', '2025-12-30 12:35:00', 'cancelled', '', NULL, '7000.00', 'HUF', 16, 'Nem tudok menni', '2025-12-29 19:35:00', '2025-12-25 03:35:00', NULL),
(386, 2, 5, 3, 6, '2025-12-30 12:45:00', '2025-12-30 14:15:00', 'completed', '', NULL, '8500.00', 'HUF', NULL, NULL, NULL, '2025-12-23 04:45:00', NULL),
(387, 2, 10, 3, 21, '2025-12-30 14:20:00', '2025-12-30 14:50:00', 'completed', '', NULL, '16500.00', 'HUF', NULL, NULL, NULL, '2025-12-24 07:20:00', NULL),
(388, 2, 4, 3, 18, '2025-12-31 10:00:00', '2025-12-31 11:00:00', 'completed', '', NULL, '7000.00', 'HUF', NULL, NULL, NULL, '2025-12-28 07:00:00', NULL),
(389, 2, 4, 3, 20, '2025-12-31 11:10:00', '2025-12-31 12:10:00', 'completed', '', NULL, '7000.00', 'HUF', NULL, NULL, NULL, '2025-12-25 02:10:00', NULL),
(390, 2, 7, 3, 17, '2025-12-31 12:20:00', '2025-12-31 13:20:00', 'completed', '', NULL, '11000.00', 'HUF', NULL, NULL, NULL, '2025-12-24 12:20:00', NULL),
(391, 2, 7, 3, 5, '2025-12-31 13:25:00', '2025-12-31 14:25:00', 'completed', '', NULL, '11000.00', 'HUF', NULL, NULL, NULL, '2025-12-24 07:25:00', NULL),
(392, 2, 4, 3, 20, '2026-01-01 10:00:00', '2026-01-01 11:00:00', 'completed', '', NULL, '7000.00', 'HUF', NULL, NULL, NULL, '2025-12-30 06:00:00', NULL),
(393, 2, 4, 3, 18, '2026-01-01 11:05:00', '2026-01-01 12:05:00', 'completed', '', NULL, '7000.00', 'HUF', NULL, NULL, NULL, '2025-12-28 05:05:00', NULL),
(394, 2, 4, 3, 1, '2026-01-01 12:10:00', '2026-01-01 13:10:00', 'completed', '', NULL, '7000.00', 'HUF', NULL, NULL, NULL, '2025-12-26 02:10:00', NULL),
(395, 2, 7, 3, 5, '2026-01-01 13:15:00', '2026-01-01 14:15:00', 'completed', '', NULL, '11000.00', 'HUF', NULL, NULL, NULL, '2025-12-27 08:15:00', NULL),
(396, 2, 10, 3, 17, '2026-01-02 10:00:00', '2026-01-02 10:30:00', 'completed', '', NULL, '16500.00', 'HUF', NULL, NULL, NULL, '2026-01-01 01:00:00', NULL),
(397, 2, 4, 3, 6, '2026-01-02 10:35:00', '2026-01-02 11:35:00', 'completed', '', NULL, '7000.00', 'HUF', NULL, NULL, NULL, '2025-12-28 07:35:00', NULL),
(398, 2, 8, 3, 13, '2026-01-02 11:40:00', '2026-01-02 12:40:00', 'completed', '', NULL, '8000.00', 'HUF', NULL, NULL, NULL, '2025-12-23 23:40:00', NULL),
(399, 2, 8, 3, 9, '2026-01-02 12:45:00', '2026-01-02 13:45:00', 'completed', '', NULL, '8000.00', 'HUF', NULL, NULL, NULL, '2025-12-27 07:45:00', NULL),
(400, 2, 4, 3, 22, '2026-01-03 10:00:00', '2026-01-03 11:00:00', 'completed', '', NULL, '7000.00', 'HUF', NULL, NULL, NULL, '2025-12-26 06:00:00', NULL),
(401, 2, 4, 3, 7, '2026-01-03 11:05:00', '2026-01-03 12:05:00', 'completed', '', NULL, '7000.00', 'HUF', NULL, NULL, NULL, '2025-12-31 04:05:00', NULL),
(402, 2, 8, 3, 14, '2026-01-03 12:10:00', '2026-01-03 13:10:00', 'cancelled', '', NULL, '8000.00', 'HUF', 14, 'Nem tudok menni', '2026-01-02 13:10:00', '2025-12-27 12:10:00', NULL),
(403, 2, 6, 3, 11, '2026-01-06 10:00:00', '2026-01-06 10:30:00', 'completed', '', NULL, '3500.00', 'HUF', NULL, NULL, NULL, '2026-01-04 23:00:00', NULL),
(404, 2, 9, 3, 10, '2026-01-06 10:35:00', '2026-01-06 12:05:00', 'completed', '', NULL, '12000.00', 'HUF', NULL, NULL, NULL, '2025-12-31 09:35:00', NULL),
(405, 2, 8, 3, 5, '2026-01-06 12:10:00', '2026-01-06 13:10:00', 'completed', '', NULL, '8000.00', 'HUF', NULL, NULL, NULL, '2026-01-05 12:10:00', NULL),
(406, 2, 6, 3, 18, '2026-01-06 13:15:00', '2026-01-06 13:45:00', 'completed', '', NULL, '3500.00', 'HUF', NULL, NULL, NULL, '2025-12-29 11:15:00', NULL),
(407, 2, 7, 3, 12, '2026-01-06 13:55:00', '2026-01-06 14:55:00', 'completed', '', NULL, '11000.00', 'HUF', NULL, NULL, NULL, '2025-12-29 12:55:00', NULL),
(408, 2, 7, 3, 20, '2026-01-07 10:00:00', '2026-01-07 11:00:00', 'completed', '', NULL, '11000.00', 'HUF', NULL, NULL, NULL, '2025-12-28 07:00:00', NULL),
(409, 2, 10, 3, 21, '2026-01-07 11:10:00', '2026-01-07 11:40:00', 'completed', '', NULL, '16500.00', 'HUF', NULL, NULL, NULL, '2025-12-30 09:10:00', NULL),
(410, 2, 4, 3, 8, '2026-01-07 11:45:00', '2026-01-07 12:45:00', 'completed', '', NULL, '7000.00', 'HUF', NULL, NULL, NULL, '2026-01-01 08:45:00', NULL),
(411, 2, 9, 3, 1, '2026-01-08 10:00:00', '2026-01-08 11:30:00', 'completed', '', NULL, '12000.00', 'HUF', NULL, NULL, NULL, '2025-12-29 06:00:00', NULL),
(412, 2, 4, 3, 15, '2026-01-08 11:35:00', '2026-01-08 12:35:00', 'cancelled', '', NULL, '7000.00', 'HUF', 15, 'Nem tudok menni', '2026-01-07 22:35:00', '2025-12-30 09:35:00', NULL),
(413, 2, 8, 3, 16, '2026-01-08 12:45:00', '2026-01-08 13:45:00', 'no_show', '', NULL, '8000.00', 'HUF', NULL, NULL, NULL, '2026-01-01 03:45:00', NULL),
(414, 2, 5, 3, 11, '2026-01-09 10:00:00', '2026-01-09 11:30:00', 'completed', '', NULL, '8500.00', 'HUF', NULL, NULL, NULL, '2026-01-06 02:00:00', NULL),
(415, 2, 10, 3, 15, '2026-01-09 11:35:00', '2026-01-09 12:05:00', 'completed', '', NULL, '16500.00', 'HUF', NULL, NULL, NULL, '2026-01-03 02:35:00', NULL),
(416, 2, 7, 3, 5, '2026-01-09 12:10:00', '2026-01-09 13:10:00', 'no_show', '', NULL, '11000.00', 'HUF', NULL, NULL, NULL, '2026-01-06 03:10:00', NULL),
(417, 2, 7, 3, 13, '2026-01-09 13:20:00', '2026-01-09 14:20:00', 'completed', '', NULL, '11000.00', 'HUF', NULL, NULL, NULL, '2026-01-07 02:20:00', NULL),
(418, 2, 4, 3, 13, '2026-01-10 10:00:00', '2026-01-10 11:00:00', 'completed', '', NULL, '7000.00', 'HUF', NULL, NULL, NULL, '2026-01-09 06:00:00', NULL),
(419, 2, 8, 3, 17, '2026-01-10 11:05:00', '2026-01-10 12:05:00', 'completed', '', NULL, '8000.00', 'HUF', NULL, NULL, NULL, '2026-01-05 05:05:00', NULL),
(420, 2, 4, 3, 22, '2026-01-10 12:15:00', '2026-01-10 13:15:00', 'completed', '', NULL, '7000.00', 'HUF', NULL, NULL, NULL, '2026-01-01 03:15:00', NULL),
(421, 2, 9, 3, 17, '2026-01-13 10:00:00', '2026-01-13 11:30:00', 'completed', '', NULL, '12000.00', 'HUF', NULL, NULL, NULL, '2026-01-03 04:00:00', NULL),
(422, 2, 7, 3, 19, '2026-01-13 11:35:00', '2026-01-13 12:35:00', 'no_show', '', NULL, '11000.00', 'HUF', NULL, NULL, NULL, '2026-01-11 02:35:00', NULL),
(423, 2, 9, 3, 12, '2026-01-13 12:40:00', '2026-01-13 14:10:00', 'completed', '', NULL, '12000.00', 'HUF', NULL, NULL, NULL, '2026-01-03 11:40:00', NULL),
(424, 2, 8, 3, 13, '2026-01-13 14:15:00', '2026-01-13 15:15:00', 'completed', '', NULL, '8000.00', 'HUF', NULL, NULL, NULL, '2026-01-06 12:15:00', NULL),
(425, 2, 10, 3, 7, '2026-01-13 15:25:00', '2026-01-13 15:55:00', 'completed', '', NULL, '16500.00', 'HUF', NULL, NULL, NULL, '2026-01-10 08:25:00', NULL),
(426, 2, 4, 3, 8, '2026-01-14 10:00:00', '2026-01-14 11:00:00', 'completed', '', NULL, '7000.00', 'HUF', NULL, NULL, NULL, '2026-01-12 01:00:00', NULL),
(427, 2, 8, 3, 13, '2026-01-14 11:05:00', '2026-01-14 12:05:00', 'completed', '', NULL, '8000.00', 'HUF', NULL, NULL, NULL, '2026-01-09 11:05:00', NULL),
(428, 2, 7, 3, 10, '2026-01-14 12:15:00', '2026-01-14 13:15:00', 'no_show', '', NULL, '11000.00', 'HUF', NULL, NULL, NULL, '2026-01-12 03:15:00', NULL),
(429, 2, 7, 3, 21, '2026-01-15 10:00:00', '2026-01-15 11:00:00', 'completed', '', NULL, '11000.00', 'HUF', NULL, NULL, NULL, '2026-01-09 06:00:00', NULL),
(430, 2, 5, 3, 19, '2026-01-15 11:05:00', '2026-01-15 12:35:00', 'completed', '', NULL, '8500.00', 'HUF', NULL, NULL, NULL, '2026-01-14 09:05:00', NULL),
(431, 2, 8, 3, 20, '2026-01-15 12:40:00', '2026-01-15 13:40:00', 'completed', '', NULL, '8000.00', 'HUF', NULL, NULL, NULL, '2026-01-14 11:40:00', NULL),
(432, 2, 4, 3, 12, '2026-01-16 10:00:00', '2026-01-16 11:00:00', 'completed', '', NULL, '7000.00', 'HUF', NULL, NULL, NULL, '2026-01-06 09:00:00', NULL),
(433, 2, 4, 3, 24, '2026-01-16 11:05:00', '2026-01-16 12:05:00', 'completed', '', NULL, '7000.00', 'HUF', NULL, NULL, NULL, '2026-01-13 00:05:00', NULL),
(434, 2, 9, 3, 17, '2026-01-16 12:10:00', '2026-01-16 13:40:00', 'completed', '', NULL, '12000.00', 'HUF', NULL, NULL, NULL, '2026-01-07 01:10:00', NULL),
(435, 2, 4, 3, 5, '2026-01-16 13:50:00', '2026-01-16 14:50:00', 'completed', '', NULL, '7000.00', 'HUF', NULL, NULL, NULL, '2026-01-11 08:50:00', NULL),
(436, 2, 7, 3, 21, '2026-01-16 15:00:00', '2026-01-16 16:00:00', 'completed', '', NULL, '11000.00', 'HUF', NULL, NULL, NULL, '2026-01-12 04:00:00', NULL),
(437, 2, 5, 3, 13, '2026-01-17 10:00:00', '2026-01-17 11:30:00', 'no_show', '', NULL, '8500.00', 'HUF', NULL, NULL, NULL, '2026-01-06 22:00:00', NULL),
(438, 2, 7, 3, 21, '2026-01-17 11:35:00', '2026-01-17 12:35:00', 'completed', '', NULL, '11000.00', 'HUF', NULL, NULL, NULL, '2026-01-07 05:35:00', NULL),
(439, 2, 8, 3, 14, '2026-01-17 12:40:00', '2026-01-17 13:40:00', 'completed', '', NULL, '8000.00', 'HUF', NULL, NULL, NULL, '2026-01-11 07:40:00', NULL),
(440, 2, 7, 3, 9, '2026-01-20 10:00:00', '2026-01-20 11:00:00', 'completed', '', NULL, '11000.00', 'HUF', NULL, NULL, NULL, '2026-01-19 09:00:00', NULL),
(441, 2, 4, 3, 24, '2026-01-20 11:10:00', '2026-01-20 12:10:00', 'cancelled', '', NULL, '7000.00', 'HUF', 24, 'Nem tudok menni', '2026-01-20 00:10:00', '2026-01-14 09:10:00', NULL),
(442, 2, 7, 3, 18, '2026-01-20 12:20:00', '2026-01-20 13:20:00', 'completed', '', NULL, '11000.00', 'HUF', NULL, NULL, NULL, '2026-01-19 02:20:00', NULL),
(443, 2, 7, 3, 10, '2026-01-21 10:00:00', '2026-01-21 11:00:00', 'completed', '', NULL, '11000.00', 'HUF', NULL, NULL, NULL, '2026-01-16 01:00:00', NULL),
(444, 2, 9, 3, 6, '2026-01-21 11:05:00', '2026-01-21 12:35:00', 'completed', '', NULL, '12000.00', 'HUF', NULL, NULL, NULL, '2026-01-11 04:05:00', NULL),
(445, 2, 10, 3, 21, '2026-01-21 12:45:00', '2026-01-21 13:15:00', 'completed', '', NULL, '16500.00', 'HUF', NULL, NULL, NULL, '2026-01-20 07:45:00', NULL),
(446, 2, 4, 3, 24, '2026-01-21 13:20:00', '2026-01-21 14:20:00', 'completed', '', NULL, '7000.00', 'HUF', NULL, NULL, NULL, '2026-01-15 06:20:00', NULL),
(447, 2, 5, 3, 15, '2026-01-22 10:00:00', '2026-01-22 11:30:00', 'completed', '', NULL, '8500.00', 'HUF', NULL, NULL, NULL, '2026-01-14 02:00:00', NULL),
(448, 2, 8, 3, 12, '2026-01-22 11:40:00', '2026-01-22 12:40:00', 'completed', '', NULL, '8000.00', 'HUF', NULL, NULL, NULL, '2026-01-21 10:40:00', NULL),
(449, 2, 4, 3, 7, '2026-01-22 12:45:00', '2026-01-22 13:45:00', 'completed', '', NULL, '7000.00', 'HUF', NULL, NULL, NULL, '2026-01-17 02:45:00', NULL),
(450, 2, 5, 3, 24, '2026-01-22 13:55:00', '2026-01-22 15:25:00', 'completed', '', NULL, '8500.00', 'HUF', NULL, NULL, NULL, '2026-01-19 08:55:00', NULL),
(451, 2, 9, 3, 17, '2026-01-22 15:30:00', '2026-01-22 17:00:00', 'completed', '', NULL, '12000.00', 'HUF', NULL, NULL, NULL, '2026-01-14 08:30:00', NULL),
(452, 2, 10, 3, 16, '2026-01-23 10:00:00', '2026-01-23 10:30:00', 'completed', '', NULL, '16500.00', 'HUF', NULL, NULL, NULL, '2026-01-19 09:00:00', NULL),
(453, 2, 7, 3, 6, '2026-01-23 10:35:00', '2026-01-23 11:35:00', 'completed', '', NULL, '11000.00', 'HUF', NULL, NULL, NULL, '2026-01-22 10:35:00', NULL),
(454, 2, 10, 3, 21, '2026-01-23 11:45:00', '2026-01-23 12:15:00', 'completed', '', NULL, '16500.00', 'HUF', NULL, NULL, NULL, '2026-01-21 11:45:00', NULL),
(455, 2, 10, 3, 9, '2026-01-23 12:25:00', '2026-01-23 12:55:00', 'completed', '', NULL, '16500.00', 'HUF', NULL, NULL, NULL, '2026-01-21 04:25:00', NULL),
(456, 2, 4, 3, 1, '2026-01-23 13:05:00', '2026-01-23 14:05:00', 'completed', '', NULL, '7000.00', 'HUF', NULL, NULL, NULL, '2026-01-15 03:05:00', NULL),
(457, 2, 7, 3, 15, '2026-01-24 10:00:00', '2026-01-24 11:00:00', 'completed', '', NULL, '11000.00', 'HUF', NULL, NULL, NULL, '2026-01-17 09:00:00', NULL),
(458, 2, 4, 3, 1, '2026-01-24 11:10:00', '2026-01-24 12:10:00', 'completed', '', NULL, '7000.00', 'HUF', NULL, NULL, NULL, '2026-01-18 02:10:00', NULL),
(459, 2, 9, 3, 19, '2026-01-24 12:20:00', '2026-01-24 13:50:00', 'no_show', '', NULL, '12000.00', 'HUF', NULL, NULL, NULL, '2026-01-21 06:20:00', NULL),
(460, 2, 7, 3, 16, '2026-01-24 13:55:00', '2026-01-24 14:55:00', 'completed', '', NULL, '11000.00', 'HUF', NULL, NULL, NULL, '2026-01-19 10:55:00', NULL),
(461, 2, 9, 3, 10, '2026-01-27 10:00:00', '2026-01-27 11:30:00', 'completed', '', NULL, '12000.00', 'HUF', NULL, NULL, NULL, '2026-01-19 22:00:00', NULL),
(462, 2, 4, 3, 24, '2026-01-27 11:35:00', '2026-01-27 12:35:00', 'completed', '', NULL, '7000.00', 'HUF', NULL, NULL, NULL, '2026-01-24 01:35:00', NULL),
(463, 2, 8, 3, 8, '2026-01-27 12:40:00', '2026-01-27 13:40:00', 'completed', '', NULL, '8000.00', 'HUF', NULL, NULL, NULL, '2026-01-20 04:40:00', NULL),
(464, 2, 6, 3, 19, '2026-01-27 13:45:00', '2026-01-27 14:15:00', 'completed', '', NULL, '3500.00', 'HUF', NULL, NULL, NULL, '2026-01-24 13:45:00', NULL),
(465, 2, 8, 3, 13, '2026-01-28 10:00:00', '2026-01-28 11:00:00', 'completed', '', NULL, '8000.00', 'HUF', NULL, NULL, NULL, '2026-01-21 05:00:00', NULL),
(466, 2, 5, 3, 18, '2026-01-28 11:05:00', '2026-01-28 12:35:00', 'completed', '', NULL, '8500.00', 'HUF', NULL, NULL, NULL, '2026-01-25 06:05:00', NULL),
(467, 2, 4, 3, 10, '2026-01-28 12:40:00', '2026-01-28 13:40:00', 'completed', '', NULL, '7000.00', 'HUF', NULL, NULL, NULL, '2026-01-18 12:40:00', NULL),
(468, 2, 7, 3, 20, '2026-01-28 13:50:00', '2026-01-28 14:50:00', 'completed', '', NULL, '11000.00', 'HUF', NULL, NULL, NULL, '2026-01-24 01:50:00', NULL),
(469, 2, 8, 3, 21, '2026-01-29 10:00:00', '2026-01-29 11:00:00', 'completed', '', NULL, '8000.00', 'HUF', NULL, NULL, NULL, '2026-01-19 23:00:00', NULL),
(470, 2, 8, 3, 8, '2026-01-29 11:05:00', '2026-01-29 12:05:00', 'completed', '', NULL, '8000.00', 'HUF', NULL, NULL, NULL, '2026-01-22 09:05:00', NULL),
(471, 2, 8, 3, 1, '2026-01-29 12:10:00', '2026-01-29 13:10:00', 'completed', '', NULL, '8000.00', 'HUF', NULL, NULL, NULL, '2026-01-25 01:10:00', NULL),
(472, 2, 7, 3, 8, '2026-01-30 10:00:00', '2026-01-30 11:00:00', 'completed', '', NULL, '11000.00', 'HUF', NULL, NULL, NULL, '2026-01-28 06:00:00', NULL),
(473, 2, 10, 3, 14, '2026-01-30 11:10:00', '2026-01-30 11:40:00', 'completed', '', NULL, '16500.00', 'HUF', NULL, NULL, NULL, '2026-01-28 07:10:00', NULL),
(474, 2, 10, 3, 20, '2026-01-30 11:50:00', '2026-01-30 12:20:00', 'completed', '', NULL, '16500.00', 'HUF', NULL, NULL, NULL, '2026-01-28 03:50:00', NULL),
(475, 2, 9, 3, 15, '2026-01-31 10:00:00', '2026-01-31 11:30:00', 'completed', '', NULL, '12000.00', 'HUF', NULL, NULL, NULL, '2026-01-22 04:00:00', NULL),
(476, 2, 4, 3, 13, '2026-01-31 11:35:00', '2026-01-31 12:35:00', 'completed', '', NULL, '7000.00', 'HUF', NULL, NULL, NULL, '2026-01-23 03:35:00', NULL),
(477, 2, 9, 3, 24, '2026-01-31 12:45:00', '2026-01-31 14:15:00', 'completed', '', NULL, '12000.00', 'HUF', NULL, NULL, NULL, '2026-01-22 10:45:00', NULL),
(478, 2, 4, 3, 8, '2026-01-31 14:20:00', '2026-01-31 15:20:00', 'completed', '', NULL, '7000.00', 'HUF', NULL, NULL, NULL, '2026-01-27 04:20:00', NULL),
(479, 2, 4, 3, 22, '2026-02-03 10:00:00', '2026-02-03 11:00:00', 'no_show', '', NULL, '7000.00', 'HUF', NULL, NULL, NULL, '2026-01-30 22:00:00', NULL),
(480, 2, 10, 3, 1, '2026-02-03 11:10:00', '2026-02-03 11:40:00', 'completed', '', NULL, '16500.00', 'HUF', NULL, NULL, NULL, '2026-01-25 23:10:00', NULL),
(481, 2, 7, 3, 21, '2026-02-03 11:45:00', '2026-02-03 12:45:00', 'completed', '', NULL, '11000.00', 'HUF', NULL, NULL, NULL, '2026-01-29 23:45:00', NULL),
(482, 2, 10, 3, 18, '2026-02-03 12:55:00', '2026-02-03 13:25:00', 'completed', '', NULL, '16500.00', 'HUF', NULL, NULL, NULL, '2026-01-26 03:55:00', NULL),
(483, 2, 6, 3, 15, '2026-02-04 10:00:00', '2026-02-04 10:30:00', 'completed', '', NULL, '3500.00', 'HUF', NULL, NULL, NULL, '2026-01-26 07:00:00', NULL),
(484, 2, 10, 3, 11, '2026-02-04 10:35:00', '2026-02-04 11:05:00', 'completed', '', NULL, '16500.00', 'HUF', NULL, NULL, NULL, '2026-02-01 22:35:00', NULL),
(485, 2, 7, 3, 24, '2026-02-04 11:10:00', '2026-02-04 12:10:00', 'completed', '', NULL, '11000.00', 'HUF', NULL, NULL, NULL, '2026-02-02 09:10:00', NULL),
(486, 2, 10, 3, 10, '2026-02-04 12:15:00', '2026-02-04 12:45:00', 'completed', '', NULL, '16500.00', 'HUF', NULL, NULL, NULL, '2026-01-25 09:15:00', NULL),
(487, 2, 7, 3, 13, '2026-02-04 12:50:00', '2026-02-04 13:50:00', 'completed', '', NULL, '11000.00', 'HUF', NULL, NULL, NULL, '2026-01-25 09:50:00', NULL),
(488, 2, 7, 3, 19, '2026-02-05 10:00:00', '2026-02-05 11:00:00', 'completed', '', NULL, '11000.00', 'HUF', NULL, NULL, NULL, '2026-01-29 23:00:00', NULL),
(489, 2, 7, 3, 7, '2026-02-05 11:05:00', '2026-02-05 12:05:00', 'completed', '', NULL, '11000.00', 'HUF', NULL, NULL, NULL, '2026-01-27 01:05:00', NULL),
(490, 2, 4, 3, 20, '2026-02-05 12:10:00', '2026-02-05 13:10:00', 'completed', '', NULL, '7000.00', 'HUF', NULL, NULL, NULL, '2026-01-29 00:10:00', NULL),
(491, 2, 7, 3, 12, '2026-02-06 10:00:00', '2026-02-06 11:00:00', 'completed', '', NULL, '11000.00', 'HUF', NULL, NULL, NULL, '2026-01-29 10:00:00', NULL),
(492, 2, 10, 3, 8, '2026-02-06 11:05:00', '2026-02-06 11:35:00', 'no_show', '', NULL, '16500.00', 'HUF', NULL, NULL, NULL, '2026-01-27 01:05:00', NULL),
(493, 2, 9, 3, 14, '2026-02-06 11:40:00', '2026-02-06 13:10:00', 'no_show', '', NULL, '12000.00', 'HUF', NULL, NULL, NULL, '2026-02-03 09:40:00', NULL),
(494, 2, 4, 3, 9, '2026-02-06 13:20:00', '2026-02-06 14:20:00', 'completed', '', NULL, '7000.00', 'HUF', NULL, NULL, NULL, '2026-01-31 08:20:00', NULL),
(495, 2, 5, 3, 19, '2026-02-07 10:00:00', '2026-02-07 11:30:00', 'completed', '', NULL, '8500.00', 'HUF', NULL, NULL, NULL, '2026-02-03 01:00:00', NULL),
(496, 2, 5, 3, 5, '2026-02-07 11:40:00', '2026-02-07 13:10:00', 'completed', '', NULL, '8500.00', 'HUF', NULL, NULL, NULL, '2026-01-31 04:40:00', NULL),
(497, 2, 4, 3, 21, '2026-02-07 13:15:00', '2026-02-07 14:15:00', 'completed', '', NULL, '7000.00', 'HUF', NULL, NULL, NULL, '2026-02-01 13:15:00', NULL),
(498, 2, 9, 3, 9, '2026-02-07 14:20:00', '2026-02-07 15:50:00', 'completed', '', NULL, '12000.00', 'HUF', NULL, NULL, NULL, '2026-02-03 12:20:00', NULL),
(499, 2, 5, 3, 15, '2026-02-10 10:00:00', '2026-02-10 11:30:00', 'completed', '', NULL, '8500.00', 'HUF', NULL, NULL, NULL, '2026-02-04 05:00:00', NULL),
(500, 2, 9, 3, 5, '2026-02-10 11:40:00', '2026-02-10 13:10:00', 'completed', '', NULL, '12000.00', 'HUF', NULL, NULL, NULL, '2026-02-01 04:40:00', NULL),
(501, 2, 7, 3, 18, '2026-02-10 13:15:00', '2026-02-10 14:15:00', 'completed', '', NULL, '11000.00', 'HUF', NULL, NULL, NULL, '2026-02-09 06:15:00', NULL),
(502, 2, 5, 3, 8, '2026-02-10 14:20:00', '2026-02-10 15:50:00', 'completed', '', NULL, '8500.00', 'HUF', NULL, NULL, NULL, '2026-02-09 09:20:00', NULL),
(503, 2, 7, 3, 24, '2026-02-11 10:00:00', '2026-02-11 11:00:00', 'completed', '', NULL, '11000.00', 'HUF', NULL, NULL, NULL, '2026-02-07 06:00:00', NULL),
(504, 2, 7, 3, 13, '2026-02-11 11:05:00', '2026-02-11 12:05:00', 'completed', '', NULL, '11000.00', 'HUF', NULL, NULL, NULL, '2026-02-06 06:05:00', NULL),
(505, 2, 4, 3, 20, '2026-02-11 12:10:00', '2026-02-11 13:10:00', 'completed', '', NULL, '7000.00', 'HUF', NULL, NULL, NULL, '2026-02-05 12:10:00', NULL),
(506, 2, 9, 3, 21, '2026-02-12 10:00:00', '2026-02-12 11:30:00', 'completed', '', NULL, '12000.00', 'HUF', NULL, NULL, NULL, '2026-02-03 07:00:00', NULL),
(507, 2, 6, 3, 5, '2026-02-12 11:35:00', '2026-02-12 12:05:00', 'completed', '', NULL, '3500.00', 'HUF', NULL, NULL, NULL, '2026-02-06 05:35:00', NULL),
(508, 2, 9, 3, 6, '2026-02-12 12:15:00', '2026-02-12 13:45:00', 'completed', '', NULL, '12000.00', 'HUF', NULL, NULL, NULL, '2026-02-11 01:15:00', NULL),
(509, 2, 7, 3, 8, '2026-02-12 13:50:00', '2026-02-12 14:50:00', 'completed', '', NULL, '11000.00', 'HUF', NULL, NULL, NULL, '2026-02-03 09:50:00', NULL),
(510, 2, 10, 3, 13, '2026-02-13 10:00:00', '2026-02-13 10:30:00', 'completed', '', NULL, '16500.00', 'HUF', NULL, NULL, NULL, '2026-02-10 10:00:00', NULL),
(511, 2, 8, 3, 15, '2026-02-13 10:40:00', '2026-02-13 11:40:00', 'completed', '', NULL, '8000.00', 'HUF', NULL, NULL, NULL, '2026-02-10 05:40:00', NULL),
(512, 2, 9, 3, 12, '2026-02-13 11:45:00', '2026-02-13 13:15:00', 'completed', '', NULL, '12000.00', 'HUF', NULL, NULL, NULL, '2026-02-11 06:45:00', NULL),
(513, 2, 4, 3, 18, '2026-02-13 13:20:00', '2026-02-13 14:20:00', 'completed', '', NULL, '7000.00', 'HUF', NULL, NULL, NULL, '2026-02-11 06:20:00', NULL),
(514, 2, 6, 3, 23, '2026-02-14 10:00:00', '2026-02-14 10:30:00', 'completed', '', NULL, '3500.00', 'HUF', NULL, NULL, NULL, '2026-02-12 08:00:00', NULL),
(515, 2, 10, 3, 13, '2026-02-14 10:40:00', '2026-02-14 11:10:00', 'completed', '', NULL, '16500.00', 'HUF', NULL, NULL, NULL, '2026-02-08 05:40:00', NULL),
(516, 2, 10, 3, 14, '2026-02-14 11:20:00', '2026-02-14 11:50:00', 'completed', '', NULL, '16500.00', 'HUF', NULL, NULL, NULL, '2026-02-06 03:20:00', NULL),
(517, 2, 5, 3, 13, '2026-02-17 10:00:00', '2026-02-17 11:30:00', 'no_show', '', NULL, '8500.00', 'HUF', NULL, NULL, NULL, '2026-02-07 10:00:00', NULL),
(518, 2, 4, 3, 21, '2026-02-17 11:35:00', '2026-02-17 12:35:00', 'completed', '', NULL, '7000.00', 'HUF', NULL, NULL, NULL, '2026-02-13 03:35:00', NULL),
(519, 2, 5, 3, 12, '2026-02-17 12:40:00', '2026-02-17 14:10:00', 'completed', '', NULL, '8500.00', 'HUF', NULL, NULL, NULL, '2026-02-12 08:40:00', NULL),
(520, 2, 8, 3, 22, '2026-02-18 10:00:00', '2026-02-18 11:00:00', 'completed', '', NULL, '8000.00', 'HUF', NULL, NULL, NULL, '2026-02-10 03:00:00', NULL),
(521, 2, 5, 3, 20, '2026-02-18 11:10:00', '2026-02-18 12:40:00', 'completed', '', NULL, '8500.00', 'HUF', NULL, NULL, NULL, '2026-02-13 04:10:00', NULL),
(522, 2, 7, 3, 19, '2026-02-18 12:50:00', '2026-02-18 13:50:00', 'completed', '', NULL, '11000.00', 'HUF', NULL, NULL, NULL, '2026-02-09 01:50:00', NULL),
(523, 2, 7, 3, 9, '2026-02-19 10:00:00', '2026-02-19 11:00:00', 'completed', '', NULL, '11000.00', 'HUF', NULL, NULL, NULL, '2026-02-12 10:00:00', NULL),
(524, 2, 5, 3, 21, '2026-02-19 11:10:00', '2026-02-19 12:40:00', 'completed', '', NULL, '8500.00', 'HUF', NULL, NULL, NULL, '2026-02-16 04:10:00', NULL),
(525, 2, 10, 3, 19, '2026-02-19 12:45:00', '2026-02-19 13:15:00', 'cancelled', '', NULL, '16500.00', 'HUF', 19, 'Nem tudok menni', '2026-02-19 02:45:00', '2026-02-18 00:45:00', NULL),
(526, 2, 7, 3, 21, '2026-02-20 10:00:00', '2026-02-20 11:00:00', 'completed', '', NULL, '11000.00', 'HUF', NULL, NULL, NULL, '2026-02-14 23:00:00', NULL),
(527, 2, 8, 3, 17, '2026-02-20 11:10:00', '2026-02-20 12:10:00', 'completed', '', NULL, '8000.00', 'HUF', NULL, NULL, NULL, '2026-02-18 02:10:00', NULL),
(528, 2, 10, 3, 12, '2026-02-20 12:15:00', '2026-02-20 12:45:00', 'completed', '', NULL, '16500.00', 'HUF', NULL, NULL, NULL, '2026-02-11 00:15:00', NULL),
(529, 2, 5, 3, 21, '2026-02-21 10:00:00', '2026-02-21 11:30:00', 'no_show', '', NULL, '8500.00', 'HUF', NULL, NULL, NULL, '2026-02-11 08:00:00', NULL),
(530, 2, 7, 3, 10, '2026-02-21 11:40:00', '2026-02-21 12:40:00', 'completed', '', NULL, '11000.00', 'HUF', NULL, NULL, NULL, '2026-02-17 08:40:00', NULL),
(531, 2, 7, 3, 15, '2026-02-21 12:45:00', '2026-02-21 13:45:00', 'completed', '', NULL, '11000.00', 'HUF', NULL, NULL, NULL, '2026-02-16 08:45:00', NULL),
(532, 2, 7, 3, 1, '2026-02-21 13:50:00', '2026-02-21 14:50:00', 'no_show', '', NULL, '11000.00', 'HUF', NULL, NULL, NULL, '2026-02-11 01:50:00', NULL),
(533, 2, 8, 3, 16, '2026-02-21 14:55:00', '2026-02-21 15:55:00', 'completed', '', NULL, '8000.00', 'HUF', NULL, NULL, NULL, '2026-02-11 09:55:00', NULL),
(534, 1, 1, 1, 27, '2026-03-04 13:45:00', '2026-03-04 14:30:00', 'booked', '', NULL, '7000.00', 'HUF', NULL, NULL, NULL, '2026-02-23 12:15:37', NULL);

-- --------------------------------------------------------

--
-- Table structure for table `audit_logs`
--

CREATE TABLE `audit_logs` (
  `id` int(11) NOT NULL,
  `performed_by_user_id` int(11) NOT NULL,
  `performed_by_role` varchar(50) COLLATE utf8mb4_hungarian_ci DEFAULT NULL,
  `affected_entity_id` int(11) DEFAULT NULL,
  `company_id` int(11) DEFAULT NULL,
  `email` varchar(100) COLLATE utf8mb4_hungarian_ci DEFAULT NULL,
  `entity_type` varchar(50) COLLATE utf8mb4_hungarian_ci DEFAULT NULL COMMENT 'appointment, user, company, service, etc.',
  `action` varchar(100) COLLATE utf8mb4_hungarian_ci NOT NULL COMMENT 'create, update, delete, login, etc.',
  `old_values` json DEFAULT NULL,
  `new_values` json DEFAULT NULL,
  `created_at` timestamp NOT NULL DEFAULT CURRENT_TIMESTAMP
) ENGINE=InnoDB DEFAULT CHARSET=utf8mb4 COLLATE=utf8mb4_hungarian_ci;

--
-- Dumping data for table `audit_logs`
--

INSERT INTO `audit_logs` (`id`, `performed_by_user_id`, `performed_by_role`, `affected_entity_id`, `company_id`, `email`, `entity_type`, `action`, `old_values`, `new_values`, `created_at`) VALUES
(1, 1, 'client', NULL, NULL, 'vasvariben@gmail.com', 'user', 'register', NULL, '{\"role\": \"client\", \"email\": \"vasvariben@gmail.com\", \"user_id\": 1, \"last_name\": \"Vasvári\", \"first_name\": \"Benjámin\"}', '2026-02-22 19:40:46'),
(2, 1, NULL, NULL, NULL, 'vasvariben@gmail.com', 'user', 'email_verified', NULL, NULL, '2026-02-22 19:43:44'),
(3, 1, 'client', 1, NULL, 'vasvariben@gmail.com', 'user', 'login', NULL, NULL, '2026-02-22 19:45:30'),
(4, 1, 'superadmin', 1, NULL, 'vasvariben@gmail.com', 'user', 'login', NULL, NULL, '2026-02-22 19:46:38'),
(5, 1, 'superadmin', 1, NULL, 'vasvariben@gmail.com', 'user', 'logout', NULL, NULL, '2026-02-22 19:46:47'),
(6, 2, 'client', NULL, NULL, 'jungle@jungle.hu', 'user', 'register', NULL, '{\"role\": \"client\", \"email\": \"jungle@jungle.hu\", \"user_id\": 2, \"last_name\": \"Jungle\", \"first_name\": \"Tulaj\"}', '2026-02-22 19:47:44'),
(7, 2, NULL, NULL, NULL, 'jungle@jungle.hu', 'user', 'email_verified', NULL, NULL, '2026-02-22 19:48:36'),
(8, 2, 'client', 2, NULL, 'jungle@jungle.hu', 'user', 'login', NULL, NULL, '2026-02-22 19:48:42'),
(9, 1, 'superadmin', 1, NULL, 'vasvariben@gmail.com', 'user', 'login', NULL, NULL, '2026-02-22 19:51:38'),
(10, 1, 'vasvariben@gmail.com', 1, NULL, 'vasvariben@gmail.com', 'BusinessCategory', 'create', NULL, '{\"id\": 1, \"name\": \"Haj és Hajformázás\", \"description\": \"Hát ez egy fodrászat\"}', '2026-02-22 19:51:51'),
(11, 2, 'client', 2, NULL, 'jungle@jungle.hu', 'user', 'logout', NULL, NULL, '2026-02-22 20:24:53'),
(12, 2, 'client', 2, NULL, 'jungle@jungle.hu', 'user', 'login', NULL, NULL, '2026-02-22 20:37:53'),
(13, 2, 'client', 1, NULL, 'jungle@jungle.hu', 'company', 'create', NULL, '{\"city\": \"Pécs\", \"name\": \"Jungle Pécs\", \"email\": \"jungle@jungle.hu\", \"phone\": \"+36203482974\", \"address\": \"Koller utca 7\", \"country\": \"Magyarország\", \"ownerId\": 2, \"postalCode\": \"7626\", \"description\": \"Ahol TE vagy a lényeg! Próbáld ki bármelyik szolgáltatásunkat, nem fogsz csalódni. Szakmai tudásunk folyamatos fejlesztése nagyon fontos számunkra. Itt kerülsz TE a középpontba! Szolgáltatásaink során figyelünk az egyéniségedre, fejformádra, hajtípusodra és persze a kezelhetőségre is. Várunk sok szeretettel szalonunkban!\", \"cancellationHours\": 24, \"bookingAdvanceDays\": 90, \"businessCategoryId\": 1, \"allowSameDayBooking\": false}', '2026-02-22 20:39:33'),
(14, 2, 'client', 2, NULL, 'jungle@jungle.hu', 'user', 'logout', NULL, NULL, '2026-02-22 20:39:41'),
(15, 2, 'owner', 2, 1, 'jungle@jungle.hu', 'user', 'login', NULL, NULL, '2026-02-22 20:40:05'),
(16, 2, 'owner', 2, 1, 'jungle@jungle.hu', 'user', 'login', NULL, NULL, '2026-02-22 20:43:54'),
(17, 2, 'owner', 2, 1, 'jungle@jungle.hu', 'user', 'login', NULL, NULL, '2026-02-22 20:45:31'),
(18, 2, 'owner', NULL, 1, 'jungle@jungle.hu', 'company', 'uploadedMainImage', NULL, NULL, '2026-02-22 20:46:06'),
(19, 2, 'owner', NULL, 1, 'jungle@jungle.hu', 'company', 'uploadedImage', NULL, NULL, '2026-02-22 20:47:09'),
(20, 2, 'owner', NULL, 1, 'jungle@jungle.hu', 'company', 'uploadedImage', NULL, NULL, '2026-02-22 20:47:27'),
(21, 2, 'owner', NULL, 1, 'jungle@jungle.hu', 'company', 'uploadedImage', NULL, NULL, '2026-02-22 20:47:36'),
(22, 2, 'owner', 2, 1, 'jungle@jungle.hu', 'user', 'logout', NULL, NULL, '2026-02-22 20:53:34'),
(23, 3, 'client', NULL, NULL, 'kerekes@kriszto.hu', 'user', 'register', NULL, '{\"role\": \"client\", \"email\": \"kerekes@kriszto.hu\", \"user_id\": 3, \"last_name\": \"Kerekes\", \"first_name\": \"Krisztofer\"}', '2026-02-22 21:37:08'),
(24, 3, NULL, NULL, NULL, 'kerekes@kriszto.hu', 'user', 'email_verified', NULL, NULL, '2026-02-22 21:38:31'),
(25, 3, 'client', 3, NULL, 'kerekes@kriszto.hu', 'user', 'login', NULL, NULL, '2026-02-22 21:38:48'),
(26, 3, 'client', NULL, NULL, 'kerekes@kriszto.hu', 'user', 'uploadProfileImage', NULL, NULL, '2026-02-22 21:41:53'),
(27, 3, 'client', 3, NULL, 'kerekes@kriszto.hu', 'user', 'logout', NULL, NULL, '2026-02-22 21:42:51'),
(28, 3, 'client', 3, NULL, 'kerekes@kriszto.hu', 'user', 'login', NULL, NULL, '2026-02-22 21:43:30'),
(29, 3, 'client', 3, NULL, 'kerekes@kriszto.hu', 'user', 'logout', NULL, NULL, '2026-02-22 21:43:42'),
(30, 3, 'client', 3, NULL, 'kerekes@kriszto.hu', 'user', 'login', NULL, NULL, '2026-02-22 21:44:22'),
(31, 3, 'client', 3, NULL, 'kerekes@kriszto.hu', 'user', 'logout', NULL, NULL, '2026-02-22 21:45:59'),
(32, 3, 'staff', 3, 1, 'kerekes@kriszto.hu', 'user', 'login', NULL, NULL, '2026-02-22 21:46:11'),
(33, 1, 'superadmin', 1, NULL, 'vasvariben@gmail.com', 'user', 'login', NULL, NULL, '2026-02-22 22:12:28'),
(34, 1, 'superadmin', NULL, NULL, 'vasvariben@gmail.com', 'user', 'bookAppointment', NULL, '{\"notes\": \"\", \"price\": 7000, \"endTime\": \"2026-02-24 11:45:00.0\", \"staffId\": 1, \"clientId\": 1, \"companyId\": 1, \"serviceId\": 1, \"startTime\": \"2026-02-24 11:00:00.0\"}', '2026-02-22 22:12:41'),
(35, 1, 'superadmin', 1, NULL, 'vasvariben@gmail.com', 'user', 'logout', NULL, NULL, '2026-02-22 22:13:58'),
(36, 2, 'owner', 2, 1, 'jungle@jungle.hu', 'user', 'login', NULL, NULL, '2026-02-22 22:14:20'),
(37, 4, 'client', NULL, NULL, 'mikor@balazs.hu', 'user', 'register', NULL, '{\"role\": \"client\", \"email\": \"mikor@balazs.hu\", \"user_id\": 4, \"last_name\": \"Mikó\", \"first_name\": \"Balázs\"}', '2026-02-22 23:06:43'),
(38, 4, NULL, NULL, NULL, 'mikor@balazs.hu', 'user', 'email_verified', NULL, NULL, '2026-02-22 23:07:19'),
(39, 4, 'staff', 4, 1, 'miko@balazs.hu', 'user', 'login', NULL, NULL, '2026-02-22 23:09:16'),
(40, 4, 'staff', NULL, NULL, 'miko@balazs.hu', 'user', 'uploadProfileImage', NULL, NULL, '2026-02-22 23:11:28'),
(41, 4, 'staff', 4, 1, 'miko@balazs.hu', 'user', 'logout', NULL, NULL, '2026-02-22 23:11:33'),
(42, 25, 'client', NULL, NULL, 'perspective@perspective.hu', 'user', 'register', NULL, '{\"role\": \"client\", \"email\": \"perspective@perspective.hu\", \"user_id\": 25, \"last_name\": \"Perspective\", \"first_name\": \"Tulaj\"}', '2026-02-23 01:22:04'),
(43, 25, NULL, NULL, NULL, 'perspective@perspective.hu', 'user', 'email_verified', NULL, NULL, '2026-02-23 01:22:11'),
(44, 25, 'client', 25, NULL, 'perspective@perspective.hu', 'user', 'login', NULL, NULL, '2026-02-23 01:22:27'),
(45, 25, 'client', 2, NULL, 'perspective@perspective.hu', 'company', 'create', NULL, '{\"city\": \"Pécs\", \"name\": \"Perspective\", \"email\": \"perspective@perspective.hu\", \"phone\": \"+36704839813\", \"address\": \"Boszorkány út, 1/2 Golden Corner\", \"country\": \"Magyarország\", \"ownerId\": 25, \"postalCode\": \"7624\", \"description\": \"Exklúzív férfi szalon, a gyönyörű Megyeszékhelyen, Baranya megye szívében a TV torony alatt Pécsett. Csapatunk törekszik a borbély szakmát a tradíciókhoz hűen képviselni modern köntösbe öltöztetve. Modern és klasszikus formákkal találkozhatnak nálunk a vendégeink, professzionális szolgáltatásunk napra készen tartását rendszeres szakmai továbbképzésekkel tarjuk fent. Köszönjük, ha minket választotok, számunkra ez hivatás nem csak egy közömbös szakma!\", \"cancellationHours\": 24, \"bookingAdvanceDays\": 90, \"businessCategoryId\": 1, \"allowSameDayBooking\": false}', '2026-02-23 01:24:25'),
(46, 25, 'client', 25, NULL, 'perspective@perspective.hu', 'user', 'logout', NULL, NULL, '2026-02-23 01:24:34'),
(47, 25, 'owner', 25, 2, 'perspective@perspective.hu', 'user', 'login', NULL, NULL, '2026-02-23 01:24:47'),
(48, 25, 'owner', 25, 2, 'perspective@perspective.hu', 'user', 'login', NULL, NULL, '2026-02-23 01:25:22'),
(49, 25, 'owner', 25, 2, 'perspective@perspective.hu', 'user', 'login', NULL, NULL, '2026-02-23 01:31:24'),
(50, 25, 'owner', 25, 2, 'perspective@perspective.hu', 'user', 'login', NULL, NULL, '2026-02-23 01:37:35'),
(51, 25, 'owner', NULL, 2, 'perspective@perspective.hu', 'company', 'uploadedMainImage', NULL, NULL, '2026-02-23 01:37:37'),
(52, 25, 'owner', NULL, 2, 'perspective@perspective.hu', 'company', 'uploadedMainImage', NULL, NULL, '2026-02-23 01:38:29'),
(53, 25, 'owner', NULL, 2, 'perspective@perspective.hu', 'company', 'uploadedMainImage', NULL, NULL, '2026-02-23 01:40:00'),
(54, 25, 'owner', NULL, 2, 'perspective@perspective.hu', 'company', 'uploadedMainImage', NULL, NULL, '2026-02-23 01:41:47'),
(55, 25, 'owner', 25, 2, 'perspective@perspective.hu', 'user', 'logout', NULL, NULL, '2026-02-23 01:44:35'),
(56, 26, 'client', NULL, NULL, 'csoke@mark.hu', 'user', 'register', NULL, '{\"role\": \"client\", \"email\": \"csoke@mark.hu\", \"user_id\": 26, \"last_name\": \"Csőke\", \"first_name\": \"Márk\"}', '2026-02-23 01:46:20'),
(57, 26, NULL, NULL, NULL, 'csoke@mark.hu', 'user', 'email_verified', NULL, NULL, '2026-02-23 01:46:26'),
(58, 26, 'client', 26, NULL, 'csoke@mark.hu', 'user', 'login', NULL, NULL, '2026-02-23 01:46:59'),
(59, 26, 'client', NULL, NULL, 'csoke@mark.hu', 'user', 'uploadProfileImage', NULL, NULL, '2026-02-23 01:47:16'),
(60, 26, 'client', 26, NULL, 'csoke@mark.hu', 'user', 'logout', NULL, NULL, '2026-02-23 01:47:21'),
(61, 2, 'owner', 2, 1, 'jungle@jungle.hu', 'user', 'login', NULL, NULL, '2026-02-23 02:08:35'),
(62, 2, 'owner', 2, 1, 'jungle@jungle.hu', 'user', 'logout', NULL, NULL, '2026-02-23 11:13:53'),
(63, 27, 'client', NULL, NULL, 'tesz@teszt.hu', 'user', 'register', NULL, '{\"role\": \"client\", \"email\": \"tesz@teszt.hu\", \"user_id\": 27, \"last_name\": \"Teszt\", \"first_name\": \"Teszt\"}', '2026-02-23 11:14:23'),
(64, 27, NULL, NULL, NULL, 'tesz@teszt.hu', 'user', 'email_verified', NULL, NULL, '2026-02-23 11:14:41'),
(65, 27, 'client', 27, NULL, 'tesz@teszt.hu', 'user', 'login', NULL, NULL, '2026-02-23 11:14:59'),
(66, 27, 'client', NULL, NULL, 'tesz@teszt.hu', 'user', 'bookAppointment', NULL, '{\"notes\": \"\", \"price\": 7000, \"endTime\": \"2026-03-04 14:30:00.0\", \"staffId\": 1, \"clientId\": 27, \"companyId\": 1, \"serviceId\": 1, \"startTime\": \"2026-03-04 13:45:00.0\"}', '2026-02-23 11:15:37'),
(67, 25, 'owner', 25, 2, 'perspective@perspective.hu', 'user', 'login', NULL, NULL, '2026-02-23 12:40:44'),
(68, 2, 'owner', 2, 1, 'jungle@jungle.hu', 'user', 'login', NULL, NULL, '2026-02-23 12:44:33'),
(69, 2, 'owner', 2, 1, 'jungle@jungle.hu', 'user', 'login', NULL, NULL, '2026-02-23 12:47:28'),
(70, 2, 'owner', 2, 1, 'jungle@jungle.hu', 'user', 'login', NULL, NULL, '2026-02-24 13:29:09'),
(71, 2, 'owner', 2, 1, 'jungle@jungle.hu', 'user', 'logout', NULL, NULL, '2026-02-24 17:30:45'),
(72, 2, 'owner', 2, 1, 'jungle@jungle.hu', 'user', 'login', NULL, NULL, '2026-02-24 17:32:41'),
(73, 2, 'owner', 2, 1, 'jungle@jungle.hu', 'user', 'logout', NULL, NULL, '2026-02-24 17:33:37'),
(74, 2, 'owner', 2, 1, 'jungle@jungle.hu', 'user', 'login', NULL, NULL, '2026-02-24 17:58:38'),
(75, 2, 'owner', 2, 1, 'jungle@jungle.hu', 'user', 'login', NULL, NULL, '2026-02-24 18:04:49'),
(76, 2, 'owner', 2, 1, 'jungle@jungle.hu', 'user', 'login', NULL, NULL, '2026-02-24 18:27:50'),
(77, 2, 'owner', 2, 1, 'jungle@jungle.hu', 'user', 'logout', NULL, NULL, '2026-02-24 20:03:04'),
(78, 1, 'superadmin', 1, NULL, 'vasvariben@gmail.com', 'user', 'login', NULL, NULL, '2026-02-24 20:03:21'),
(79, 1, 'superadmin', 1, NULL, 'vasvariben@gmail.com', 'user', 'logout', NULL, NULL, '2026-02-24 20:39:52'),
(80, 2, 'owner', 2, 1, 'jungle@jungle.hu', 'user', 'login', NULL, NULL, '2026-02-24 20:40:07'),
(81, 2, 'owner', 2, 1, 'jungle@jungle.hu', 'user', 'login', NULL, NULL, '2026-02-24 20:45:50'),
(82, 2, 'owner', 2, 1, 'jungle@jungle.hu', 'user', 'logout', NULL, NULL, '2026-02-24 20:58:06'),
(83, 2, 'owner', 2, 1, 'jungle@jungle.hu', 'user', 'login', NULL, NULL, '2026-02-24 21:00:25'),
(84, 2, 'owner', 2, 1, 'jungle@jungle.hu', 'user', 'logout', NULL, NULL, '2026-02-25 08:38:29');

-- --------------------------------------------------------

--
-- Table structure for table `business_categories`
--

CREATE TABLE `business_categories` (
  `id` int(11) NOT NULL,
  `name` varchar(100) COLLATE utf8mb4_hungarian_ci NOT NULL,
  `description` text COLLATE utf8mb4_hungarian_ci,
  `is_active` tinyint(1) NOT NULL DEFAULT '1',
  `created_at` timestamp NOT NULL DEFAULT CURRENT_TIMESTAMP,
  `updated_at` timestamp NULL DEFAULT NULL,
  `icon` varchar(50) COLLATE utf8mb4_hungarian_ci DEFAULT NULL
) ENGINE=InnoDB DEFAULT CHARSET=utf8mb4 COLLATE=utf8mb4_hungarian_ci;

--
-- Dumping data for table `business_categories`
--

INSERT INTO `business_categories` (`id`, `name`, `description`, `is_active`, `created_at`, `updated_at`, `icon`) VALUES
(1, 'Haj és Hajformázás', 'Hát ez egy fodrászat', 1, '2026-02-22 19:51:51', NULL, NULL);

-- --------------------------------------------------------

--
-- Table structure for table `companies`
--

CREATE TABLE `companies` (
  `id` int(11) NOT NULL,
  `name` varchar(255) COLLATE utf8mb4_hungarian_ci NOT NULL,
  `description` text COLLATE utf8mb4_hungarian_ci,
  `address` text COLLATE utf8mb4_hungarian_ci,
  `city` varchar(100) COLLATE utf8mb4_hungarian_ci DEFAULT NULL,
  `postal_code` varchar(20) COLLATE utf8mb4_hungarian_ci DEFAULT NULL,
  `country` varchar(100) COLLATE utf8mb4_hungarian_ci DEFAULT 'Hungary',
  `phone` varchar(30) COLLATE utf8mb4_hungarian_ci DEFAULT NULL,
  `email` varchar(100) COLLATE utf8mb4_hungarian_ci DEFAULT NULL,
  `website` varchar(255) COLLATE utf8mb4_hungarian_ci DEFAULT NULL,
  `business_category_id` int(11) DEFAULT NULL,
  `owner_id` int(11) NOT NULL,
  `booking_advance_days` int(11) DEFAULT '30' COMMENT 'How many days in advance bookings can be made',
  `cancellation_hours` int(11) DEFAULT '24' COMMENT 'How many hours before appointment can be canceled',
  `created_at` datetime NOT NULL DEFAULT CURRENT_TIMESTAMP,
  `updated_at` datetime DEFAULT NULL,
  `deleted_at` datetime DEFAULT NULL,
  `is_deleted` tinyint(1) DEFAULT '0',
  `is_active` tinyint(1) NOT NULL DEFAULT '1',
  `allow_same_day_booking` tinyint(1) DEFAULT '1' COMMENT 'Can clients book appointments on the same day? TRUE = yes, FALSE = only next day onwards',
  `minimum_booking_hours_ahead` int(11) DEFAULT '2' COMMENT 'If same-day booking allowed, minimum hours in advance (e.g. 2 hours). Only used if allow_same_day_booking = TRUE'
) ENGINE=InnoDB DEFAULT CHARSET=utf8mb4 COLLATE=utf8mb4_hungarian_ci;

--
-- Dumping data for table `companies`
--

INSERT INTO `companies` (`id`, `name`, `description`, `address`, `city`, `postal_code`, `country`, `phone`, `email`, `website`, `business_category_id`, `owner_id`, `booking_advance_days`, `cancellation_hours`, `created_at`, `updated_at`, `deleted_at`, `is_deleted`, `is_active`, `allow_same_day_booking`, `minimum_booking_hours_ahead`) VALUES
(1, 'Jungle Pécs', 'Ahol TE vagy a lényeg! Próbáld ki bármelyik szolgáltatásunkat, nem fogsz csalódni. Szakmai tudásunk folyamatos fejlesztése nagyon fontos számunkra. Itt kerülsz TE a középpontba! Szolgáltatásaink során figyelünk az egyéniségedre, fejformádra, hajtípusodra és persze a kezelhetőségre is. Várunk sok szeretettel szalonunkban!', 'Koller utca 7', 'Pécs', '7626', 'Magyarország', '+36203482974', 'jungle@jungle.hu', NULL, 1, 2, 90, 24, '2026-02-22 21:39:33', NULL, NULL, 0, 1, 0, NULL),
(2, 'Perspective', 'Exklúzív férfi szalon, a gyönyörű Megyeszékhelyen, Baranya megye szívében a TV torony alatt Pécsett. Csapatunk törekszik a borbély szakmát a tradíciókhoz hűen képviselni modern köntösbe öltöztetve. Modern és klasszikus formákkal találkozhatnak nálunk a vendégeink, professzionális szolgáltatásunk napra készen tartását rendszeres szakmai továbbképzésekkel tarjuk fent. Köszönjük, ha minket választotok, számunkra ez hivatás nem csak egy közömbös szakma!', 'Boszorkány út, 1/2 Golden Corner', 'Pécs', '7624', 'Magyarország', '+36704839813', 'perspective@perspective.hu', NULL, 1, 25, 90, 24, '2026-02-23 02:24:25', NULL, NULL, 0, 1, 0, NULL);

-- --------------------------------------------------------

--
-- Table structure for table `favorites`
--

CREATE TABLE `favorites` (
  `id` int(11) NOT NULL,
  `user_id` int(11) NOT NULL COMMENT 'A felhasználó aki kedvencnek jelölte',
  `company_id` int(11) NOT NULL COMMENT 'A kedvencnek jelölt cég',
  `created_at` timestamp NOT NULL DEFAULT CURRENT_TIMESTAMP COMMENT 'Mikor lett kedvenc',
  `deleted_at` timestamp NULL DEFAULT NULL COMMENT 'Mikor lett törölve',
  `is_deleted` tinyint(1) NOT NULL DEFAULT '0' COMMENT 'Soft delete flag'
) ENGINE=InnoDB DEFAULT CHARSET=utf8mb4 COLLATE=utf8mb4_hungarian_ci;

--
-- Dumping data for table `favorites`
--

INSERT INTO `favorites` (`id`, `user_id`, `company_id`, `created_at`, `deleted_at`, `is_deleted`) VALUES
(1, 2, 1, '2026-02-25 08:37:12', '2026-02-25 08:37:13', 1);

-- --------------------------------------------------------

--
-- Table structure for table `images`
--

CREATE TABLE `images` (
  `id` int(11) NOT NULL,
  `company_id` int(11) DEFAULT NULL,
  `user_id` int(11) DEFAULT NULL,
  `url` text COLLATE utf8mb4_hungarian_ci,
  `is_main` tinyint(4) NOT NULL DEFAULT '0',
  `uploaded_at` timestamp NOT NULL DEFAULT CURRENT_TIMESTAMP,
  `deleted_at` timestamp NULL DEFAULT NULL,
  `is_deleted` tinyint(1) NOT NULL DEFAULT '0'
) ENGINE=InnoDB DEFAULT CHARSET=utf8mb4 COLLATE=utf8mb4_hungarian_ci;

--
-- Dumping data for table `images`
--

INSERT INTO `images` (`id`, `company_id`, `user_id`, `url`, `is_main`, `uploaded_at`, `deleted_at`, `is_deleted`) VALUES
(1, NULL, 1, NULL, 0, '2026-02-22 19:40:46', NULL, 0),
(2, NULL, 2, NULL, 0, '2026-02-22 19:47:44', NULL, 0),
(3, 1, NULL, 'uploads/companies/1/7b499da7-eada-4972-a5c5-73f7f0d231fa.jpg', 1, '2026-02-22 20:39:33', NULL, 0),
(4, 1, NULL, 'uploads/companies/1/c4499e61-b454-426c-b10a-190d03e4ad3b.jpg', 0, '2026-02-22 20:47:09', NULL, 0),
(5, 1, NULL, 'uploads/companies/1/831d9701-e94c-46d6-9fa4-339530751bb3.jpg', 0, '2026-02-22 20:47:27', NULL, 0),
(6, 1, NULL, 'uploads/companies/1/770b0caf-fec5-413d-847a-03f9dbf293e5.jpg', 0, '2026-02-22 20:47:36', NULL, 0),
(7, NULL, 3, NULL, 0, '2026-02-22 21:37:08', '2026-02-22 21:41:53', 1),
(8, NULL, 3, 'uploads/users/3/885857a2-4aaf-45c5-aa90-908c10befd24.jpg', 0, '2026-02-22 21:41:53', NULL, 0),
(9, NULL, 4, NULL, 0, '2026-02-22 23:06:43', '2026-02-22 23:11:28', 1),
(10, NULL, 4, 'uploads/users/4/b553958e-32e2-4b4f-9e11-8a917c46c3ae.jpeg', 0, '2026-02-22 23:11:28', NULL, 0),
(11, NULL, 5, NULL, 0, '2026-02-01 08:08:00', NULL, 0),
(12, NULL, 6, NULL, 0, '2026-02-02 10:13:00', NULL, 0),
(13, NULL, 7, NULL, 0, '2026-01-27 11:09:00', NULL, 0),
(14, NULL, 8, NULL, 0, '2026-02-06 17:12:00', NULL, 0),
(15, NULL, 9, NULL, 0, '2026-01-29 13:06:00', NULL, 0),
(16, NULL, 10, NULL, 0, '2026-01-27 11:03:00', NULL, 0),
(17, NULL, 11, NULL, 0, '2026-01-27 17:09:00', NULL, 0),
(18, NULL, 12, NULL, 0, '2026-02-07 16:08:00', NULL, 0),
(19, NULL, 13, NULL, 0, '2026-01-17 19:02:00', NULL, 0),
(20, NULL, 14, NULL, 0, '2026-01-27 13:11:00', NULL, 0),
(21, NULL, 15, NULL, 0, '2026-02-05 15:14:00', NULL, 0),
(22, NULL, 16, NULL, 0, '2026-01-29 07:13:00', NULL, 0),
(23, NULL, 17, NULL, 0, '2026-02-10 17:10:00', NULL, 0),
(24, NULL, 18, NULL, 0, '2026-02-13 07:11:00', NULL, 0),
(25, NULL, 19, NULL, 0, '2026-01-16 10:11:00', NULL, 0),
(26, NULL, 20, NULL, 0, '2026-01-19 17:09:00', NULL, 0),
(27, NULL, 21, NULL, 0, '2026-02-14 10:10:00', NULL, 0),
(28, NULL, 22, NULL, 0, '2026-01-29 15:09:00', NULL, 0),
(29, NULL, 23, NULL, 0, '2026-02-02 10:02:00', NULL, 0),
(30, NULL, 24, NULL, 0, '2026-01-17 15:05:00', NULL, 0),
(31, NULL, 25, NULL, 0, '2026-02-23 01:22:04', NULL, 0),
(33, 2, NULL, 'uploads/companies/2/1aafe677-293f-4765-84ac-cc841c871f50.jpeg', 1, '2026-02-23 01:41:32', NULL, 0),
(35, NULL, 26, NULL, 0, '2026-02-23 01:46:20', '2026-02-23 01:47:16', 1),
(36, NULL, 26, 'uploads/users/26/f51a4a85-fdfb-4ee8-86e7-dde551723448.jpeg', 0, '2026-02-23 01:47:16', NULL, 0),
(37, NULL, 27, NULL, 0, '2026-02-23 11:14:23', NULL, 0);

-- --------------------------------------------------------

--
-- Table structure for table `notification_settings`
--

CREATE TABLE `notification_settings` (
  `id` int(11) NOT NULL,
  `user_id` int(11) NOT NULL,
  `appointment_confirmation` tinyint(1) NOT NULL DEFAULT '1',
  `appointment_reminder` tinyint(1) NOT NULL DEFAULT '1',
  `appointment_cancellation` tinyint(1) NOT NULL DEFAULT '1',
  `marketing_emails` tinyint(1) NOT NULL DEFAULT '0',
  `updated_at` timestamp NULL DEFAULT NULL,
  `created_at` timestamp NOT NULL DEFAULT CURRENT_TIMESTAMP,
  `userId` tinyblob
) ENGINE=InnoDB DEFAULT CHARSET=utf8mb4 COLLATE=utf8mb4_hungarian_ci;

--
-- Dumping data for table `notification_settings`
--

INSERT INTO `notification_settings` (`id`, `user_id`, `appointment_confirmation`, `appointment_reminder`, `appointment_cancellation`, `marketing_emails`, `updated_at`, `created_at`, `userId`) VALUES
(1, 1, 1, 1, 1, 0, NULL, '2026-02-22 19:40:46', NULL),
(2, 2, 1, 1, 1, 0, '2026-02-23 13:19:14', '2026-02-22 19:47:44', NULL),
(3, 3, 1, 1, 1, 0, NULL, '2026-02-22 21:37:08', NULL),
(4, 4, 1, 1, 1, 0, NULL, '2026-02-22 23:06:43', NULL),
(5, 25, 1, 1, 1, 0, NULL, '2026-02-23 01:22:04', NULL),
(6, 26, 1, 1, 1, 0, NULL, '2026-02-23 01:46:20', NULL),
(7, 27, 1, 1, 1, 0, NULL, '2026-02-23 11:14:23', NULL);

-- --------------------------------------------------------

--
-- Table structure for table `opening_hours`
--

CREATE TABLE `opening_hours` (
  `id` int(11) NOT NULL,
  `company_id` int(11) NOT NULL,
  `day_of_week` enum('monday','tuesday','wednesday','thursday','friday','saturday','sunday') COLLATE utf8mb4_hungarian_ci NOT NULL,
  `open_time` time DEFAULT NULL,
  `close_time` time DEFAULT NULL,
  `is_closed` tinyint(1) DEFAULT '0',
  `created_at` timestamp NOT NULL DEFAULT CURRENT_TIMESTAMP,
  `updated_at` timestamp NULL DEFAULT NULL
) ENGINE=InnoDB DEFAULT CHARSET=utf8mb4 COLLATE=utf8mb4_hungarian_ci;

--
-- Dumping data for table `opening_hours`
--

INSERT INTO `opening_hours` (`id`, `company_id`, `day_of_week`, `open_time`, `close_time`, `is_closed`, `created_at`, `updated_at`) VALUES
(1, 1, 'monday', NULL, NULL, 1, '2026-02-22 20:39:33', NULL),
(2, 1, 'tuesday', '08:00:00', '19:00:00', 0, '2026-02-22 20:39:33', NULL),
(3, 1, 'wednesday', '08:00:00', '19:00:00', 0, '2026-02-22 20:39:33', NULL),
(4, 1, 'thursday', '08:00:00', '19:00:00', 0, '2026-02-22 20:39:33', NULL),
(5, 1, 'friday', '08:00:00', '19:00:00', 0, '2026-02-22 20:39:33', NULL),
(6, 1, 'saturday', '08:00:00', '19:00:00', 0, '2026-02-22 20:39:33', NULL),
(7, 1, 'sunday', NULL, NULL, 1, '2026-02-22 20:39:33', NULL),
(8, 2, 'monday', NULL, NULL, 1, '2026-02-23 01:24:25', NULL),
(9, 2, 'tuesday', '10:00:00', '19:00:00', 0, '2026-02-23 01:24:25', NULL),
(10, 2, 'wednesday', '10:00:00', '19:00:00', 0, '2026-02-23 01:24:25', NULL),
(11, 2, 'thursday', '10:00:00', '19:00:00', 0, '2026-02-23 01:24:25', NULL),
(12, 2, 'friday', '10:00:00', '19:00:00', 0, '2026-02-23 01:24:25', NULL),
(13, 2, 'saturday', '10:00:00', '19:00:00', 0, '2026-02-23 01:24:25', NULL),
(14, 2, 'sunday', NULL, NULL, 1, '2026-02-23 01:24:25', NULL);

-- --------------------------------------------------------

--
-- Table structure for table `pending_staff`
--

CREATE TABLE `pending_staff` (
  `id` int(11) NOT NULL,
  `email` varchar(100) COLLATE utf8mb4_hungarian_ci NOT NULL,
  `company_id` int(11) NOT NULL,
  `user_id` int(11) DEFAULT NULL,
  `token_id` int(11) NOT NULL,
  `position` varchar(100) COLLATE utf8mb4_hungarian_ci NOT NULL,
  `status` varchar(20) COLLATE utf8mb4_hungarian_ci NOT NULL DEFAULT 'pending',
  `created_at` datetime NOT NULL DEFAULT CURRENT_TIMESTAMP
) ENGINE=InnoDB DEFAULT CHARSET=utf8mb4 COLLATE=utf8mb4_hungarian_ci;

-- --------------------------------------------------------

--
-- Table structure for table `reviews`
--

CREATE TABLE `reviews` (
  `id` int(11) NOT NULL,
  `company_id` int(11) NOT NULL,
  `client_id` int(11) NOT NULL,
  `appointment_id` int(11) DEFAULT NULL,
  `rating` int(11) NOT NULL COMMENT '1-5 stars',
  `comment` text COLLATE utf8mb4_hungarian_ci,
  `updated_at` timestamp NULL DEFAULT NULL,
  `deleted_at` timestamp NULL DEFAULT NULL,
  `is_deleted` tinyint(1) DEFAULT '0',
  `created_at` timestamp NOT NULL DEFAULT CURRENT_TIMESTAMP
) ENGINE=InnoDB DEFAULT CHARSET=utf8mb4 COLLATE=utf8mb4_hungarian_ci;

--
-- Dumping data for table `reviews`
--

INSERT INTO `reviews` (`id`, `company_id`, `client_id`, `appointment_id`, `rating`, `comment`, `updated_at`, `deleted_at`, `is_deleted`, `created_at`) VALUES
(1, 1, 9, 300, 4, 'Elégedett vagyok, csak kicsit kellett várni.', NULL, NULL, 0, '2026-02-16 21:20:00'),
(2, 1, 14, 110, 5, 'Nagyon kedves és figyelmes, pontosan értette mit szeretnék.', NULL, NULL, 0, '2026-01-13 02:40:00'),
(3, 1, 6, 258, 5, 'Profi kiszolgálás, kellemes hangulat. Visszajövök!', NULL, NULL, 0, '2026-02-10 18:35:00'),
(4, 1, 5, 318, 4, 'Szolid munka, ajánlom.', NULL, NULL, 0, '2026-02-17 20:30:00'),
(5, 1, 5, 73, 4, 'Elégedett vagyok, csak kicsit kellett várni.', NULL, NULL, 0, '2026-01-05 12:05:00'),
(6, 2, 20, 474, 4, NULL, NULL, NULL, 0, '2026-02-01 22:50:00'),
(7, 1, 15, 358, 5, 'Gyorsan végzett és tényleg szép lett.', NULL, NULL, 0, '2026-02-25 22:20:00'),
(8, 2, 14, 439, 5, 'Tökéletes hajvágás, teljes mértékben elégedett vagyok.', NULL, NULL, 0, '2026-01-22 00:40:00'),
(9, 1, 18, 177, 4, 'Jó munka volt, legközelebb is visszajövök.', NULL, NULL, 0, '2026-01-25 20:45:00'),
(10, 2, 13, 487, 4, NULL, NULL, NULL, 0, '2026-02-08 02:50:00'),
(11, 1, 13, 146, 2, 'Nem teljesen az lett amit kértem, kicsit csalódott vagyok.', NULL, NULL, 0, '2026-01-19 17:10:00'),
(12, 2, 8, 463, 5, 'A szakáll is tökéletesen lett igazítva, köszönöm!', NULL, NULL, 0, '2026-02-01 07:40:00'),
(13, 1, 23, 46, 5, 'Tökéletes hajvágás, teljes mértékben elégedett vagyok.', NULL, NULL, 0, '2026-01-04 00:20:00'),
(14, 1, 13, 4, 3, 'Átlagos volt, vártam jobbat is.', NULL, NULL, 0, '2025-12-24 23:15:00'),
(15, 1, 10, 259, 3, NULL, NULL, NULL, 0, '2026-02-09 12:50:00'),
(16, 1, 8, 9, 5, NULL, NULL, NULL, 0, '2025-12-29 03:35:00'),
(17, 1, 7, 194, 5, 'Nagyon kedves és figyelmes, pontosan értette mit szeretnék.', NULL, NULL, 0, '2026-01-30 02:45:00'),
(18, 1, 21, 287, 5, 'Gyorsan végzett és tényleg szép lett.', NULL, NULL, 0, '2026-02-13 16:00:00'),
(19, 1, 7, 8, 5, 'A szakáll is tökéletesen lett igazítva, köszönöm!', NULL, NULL, 0, '2025-12-27 13:45:00'),
(20, 1, 16, 346, 5, 'Messze a legjobb hely a városban.', NULL, NULL, 0, '2026-02-26 00:30:00'),
(21, 1, 11, 229, 5, 'Gyorsan végzett és tényleg szép lett.', NULL, NULL, 0, '2026-02-03 23:40:00'),
(22, 1, 24, 112, 5, 'Nagyon elégedett vagyok, pontosan azt kaptam amit kértem!', NULL, NULL, 0, '2026-01-14 18:00:00'),
(23, 1, 22, 359, 5, 'Fantasztikus eredmény, jól érzem magam benne.', NULL, NULL, 0, '2026-02-25 13:00:00'),
(24, 2, 14, 516, 5, 'Messze a legjobb hely a városban.', NULL, NULL, 0, '2026-02-17 01:20:00'),
(25, 1, 19, 172, 5, NULL, NULL, NULL, 0, '2026-01-23 04:00:00'),
(26, 1, 9, 87, 5, 'A szakáll is tökéletesen lett igazítva, köszönöm!', NULL, NULL, 0, '2026-01-07 10:20:00'),
(27, 2, 21, 469, 5, 'A szakáll is tökéletesen lett igazítva, köszönöm!', NULL, NULL, 0, '2026-02-01 01:00:00'),
(28, 1, 12, 47, 3, 'Megkaptam amit kértem, de nem volt különleges.', NULL, NULL, 0, '2026-01-02 15:35:00'),
(29, 2, 6, 508, 4, 'Jó munka volt, legközelebb is visszajövök.', NULL, NULL, 0, '2026-02-16 06:15:00'),
(30, 1, 6, 216, 3, NULL, NULL, NULL, 0, '2026-01-30 14:50:00'),
(31, 1, 10, 306, 4, 'Szolid munka, ajánlom.', NULL, NULL, 0, '2026-02-16 10:00:00'),
(32, 2, 13, 515, 5, NULL, NULL, NULL, 0, '2026-02-16 23:40:00'),
(33, 2, 17, 451, 5, 'Nagyon kedves és figyelmes, pontosan értette mit szeretnék.', NULL, NULL, 0, '2026-01-26 22:30:00'),
(34, 2, 12, 491, 5, NULL, NULL, NULL, 0, '2026-02-11 03:00:00'),
(35, 1, 14, 131, 5, NULL, NULL, NULL, 0, '2026-01-16 20:05:00'),
(36, 2, 15, 475, 5, 'Gyors, precíz munka. Mindenkinek ajánlom!', NULL, NULL, 0, '2026-02-02 20:00:00'),
(37, 2, 18, 466, 4, NULL, NULL, NULL, 0, '2026-01-30 17:05:00'),
(38, 2, 18, 442, 5, 'Gyorsan végzett és tényleg szép lett.', NULL, NULL, 0, '2026-01-22 23:20:00'),
(39, 1, 20, 303, 4, 'Elégedett vagyok, csak kicsit kellett várni.', NULL, NULL, 0, '2026-02-15 10:40:00'),
(40, 1, 8, 60, 2, 'Sajnos nem voltam elégedett az eredménnyel.', NULL, NULL, 0, '2026-01-01 12:40:00'),
(41, 2, 15, 457, 5, 'Gyors, precíz munka. Mindenkinek ajánlom!', NULL, NULL, 0, '2026-01-25 22:00:00'),
(42, 1, 15, 10, 5, 'Gyors, precíz munka. Mindenkinek ajánlom!', NULL, NULL, 0, '2025-12-29 00:30:00'),
(43, 2, 5, 391, 5, 'Mindig ide jövök, soha nem csalódtam.', NULL, NULL, 0, '2026-01-02 13:25:00'),
(44, 2, 21, 454, 5, 'Gyorsan végzett és tényleg szép lett.', NULL, NULL, 0, '2026-01-27 13:45:00'),
(45, 1, 19, 99, 5, 'Gyorsan végzett és tényleg szép lett.', NULL, NULL, 0, '2026-01-14 03:15:00'),
(46, 1, 11, 323, 5, 'Nagyon elégedett vagyok, pontosan azt kaptam amit kértem!', NULL, NULL, 0, '2026-02-21 05:55:00'),
(47, 1, 12, 147, 2, 'Nem teljesen az lett amit kértem, kicsit csalódott vagyok.', NULL, NULL, 0, '2026-01-21 00:00:00'),
(48, 1, 1, 226, 4, 'Szolid munka, ajánlom.', NULL, NULL, 0, '2026-02-03 10:00:00'),
(49, 1, 16, 95, 5, 'Messze a legjobb hely a városban.', NULL, NULL, 0, '2026-01-11 23:00:00'),
(50, 2, 7, 401, 5, NULL, NULL, NULL, 0, '2026-01-07 12:05:00'),
(51, 2, 9, 498, 4, NULL, NULL, NULL, 0, '2026-02-09 19:20:00'),
(52, 2, 11, 403, 5, NULL, NULL, NULL, 0, '2026-01-07 17:00:00'),
(53, 1, 23, 312, 5, NULL, NULL, NULL, 0, '2026-02-17 02:40:00'),
(54, 1, 21, 215, 5, 'Fantasztikus eredmény, jól érzem magam benne.', NULL, NULL, 0, '2026-01-29 18:55:00'),
(55, 2, 1, 411, 5, 'Gyorsan végzett és tényleg szép lett.', NULL, NULL, 0, '2026-01-12 04:00:00'),
(56, 2, 24, 446, 5, 'A szakáll is tökéletesen lett igazítva, köszönöm!', NULL, NULL, 0, '2026-01-25 14:20:00'),
(57, 2, 12, 528, 4, 'Szép lett, összességében jó volt.', NULL, NULL, 0, '2026-02-22 02:15:00'),
(58, 2, 17, 396, 5, 'Nagyon elégedett vagyok, pontosan azt kaptam amit kértem!', NULL, NULL, 0, '2026-01-04 23:00:00'),
(59, 2, 5, 435, 5, 'Messze a legjobb hely a városban.', NULL, NULL, 0, '2026-01-22 01:50:00');

-- --------------------------------------------------------

--
-- Table structure for table `roles`
--

CREATE TABLE `roles` (
  `id` int(11) NOT NULL,
  `name` varchar(50) COLLATE utf8mb4_hungarian_ci NOT NULL,
  `description` text COLLATE utf8mb4_hungarian_ci,
  `updated_at` datetime DEFAULT NULL,
  `deleted_at` datetime DEFAULT NULL,
  `is_deleted` tinyint(1) DEFAULT '0',
  `created_at` datetime DEFAULT CURRENT_TIMESTAMP
) ENGINE=InnoDB DEFAULT CHARSET=utf8mb4 COLLATE=utf8mb4_hungarian_ci;

--
-- Dumping data for table `roles`
--

INSERT INTO `roles` (`id`, `name`, `description`, `updated_at`, `deleted_at`, `is_deleted`, `created_at`) VALUES
(1, 'superadmin', 'Teljes hozzáférés az összes rendszer funkcióhoz és minden céghez', NULL, NULL, 0, '2026-02-22 20:00:00'),
(2, 'owner', 'Cég szintű adminisztrátor, teljes hozzáférés a saját céghez', NULL, NULL, 0, '2026-02-22 20:00:00'),
(3, 'staff', 'Munkatárs, aki szolgáltatásokat nyújt és időpontokat kezel', NULL, NULL, 0, '2026-02-22 20:00:00'),
(4, 'client', 'Ügyfél, aki időpontokat foglal', NULL, NULL, 0, '2026-02-22 20:00:00');

-- --------------------------------------------------------

--
-- Table structure for table `services`
--

CREATE TABLE `services` (
  `id` int(11) NOT NULL,
  `company_id` int(11) NOT NULL,
  `name` varchar(255) COLLATE utf8mb4_hungarian_ci NOT NULL,
  `description` text COLLATE utf8mb4_hungarian_ci,
  `duration_minutes` int(11) NOT NULL,
  `price` decimal(10,2) DEFAULT NULL,
  `currency` varchar(10) COLLATE utf8mb4_hungarian_ci DEFAULT NULL,
  `is_active` tinyint(1) DEFAULT '1',
  `created_at` datetime DEFAULT CURRENT_TIMESTAMP,
  `updated_at` datetime DEFAULT NULL,
  `deleted_at` datetime DEFAULT NULL,
  `is_deleted` tinyint(1) DEFAULT '0'
) ENGINE=InnoDB DEFAULT CHARSET=utf8mb4 COLLATE=utf8mb4_hungarian_ci;

--
-- Dumping data for table `services`
--

INSERT INTO `services` (`id`, `company_id`, `name`, `description`, `duration_minutes`, `price`, `currency`, `is_active`, `created_at`, `updated_at`, `deleted_at`, `is_deleted`) VALUES
(1, 1, 'Hajvágás / Haircut', 'füstölni fog a cut', 45, '7000.00', 'HUF', 1, '2026-02-22 22:11:56', NULL, NULL, 0),
(2, 1, 'Hosszú hajvágás / Long Haircut', 'levágják a hosszú hajad', 60, '10000.00', 'HUF', 1, '2026-02-22 22:15:45', NULL, NULL, 0),
(3, 1, 'Hajvágás & Szakáll Igazítás / Haircut & Beard Trim', 'megnyírnak mindenhol', 70, '11000.00', 'HUF', 1, '2026-02-22 22:18:09', NULL, NULL, 0),
(4, 2, 'Hajvágás / Haircut', 'hajas vágás', 60, '7000.00', 'HUF', 1, '2026-02-23 02:51:35', NULL, NULL, 0),
(5, 2, 'Hosszú hajvágás / Long haircut', 'hosszas hajas vágás', 90, '8500.00', 'HUF', 1, '2026-02-23 02:52:19', NULL, NULL, 0),
(6, 2, 'Egy hossz hajvágás / One lenght haircut', 'egy hossz hajas vágás', 30, '3500.00', 'HUF', 1, '2026-02-23 02:53:07', NULL, NULL, 0),
(7, 2, 'Hajvágás & Szakáll igazítás / Haircut & Beard', 'Friss, ápolt megjelenésre vágyik? Hajvágás és szakáll igazítás szolgáltatásunkkal egyszerre gondoskodunk frizurájáról és szakálláról. Tapasztalt kezek formázzák haját és igazítják arcvonalát, hogy mindig magabiztosan nézhessen tükörbe.', 60, '11000.00', 'HUF', 1, '2026-02-23 02:55:59', NULL, NULL, 0),
(8, 2, 'Egy hossz haj & Szakáll / One lenght haircut & Beard', 'Géppel, egy hosszúságra vágott frizura szakáll igazítással kiegészítve. A szakállat géppel és pengével igazítjuk, kérés esetén forró törölközőt is használunk.', 60, '8000.00', 'HUF', 1, '2026-02-23 02:57:12', NULL, NULL, 0),
(9, 2, 'Hosszú haj & Szakáll / Long haircut & Beard', 'Szeretné, ha haja és szakálla is tökéletes összhangban lenne? Profi hajvágás hosszú hajra, kiegészítve precíz szakállformázással. Frissítse meg megjelenését egy ápolt, stílusos összhatással, amely kiemeli egyéni karakterét.', 90, '12000.00', 'HUF', 1, '2026-02-23 02:57:13', NULL, NULL, 0),
(10, 2, 'Szakáll igazítás & Borotválás / Beard trim & Shave', 'Szakáll igazítás géppel és pengével, kérés esetén forró törölközővel.', 30, '16500.00', 'HUF', 1, '2026-02-23 02:59:12', NULL, NULL, 0);

-- --------------------------------------------------------

--
-- Table structure for table `service_categories`
--

CREATE TABLE `service_categories` (
  `id` int(11) NOT NULL,
  `company_id` int(11) NOT NULL,
  `name` varchar(255) COLLATE utf8mb4_hungarian_ci NOT NULL,
  `description` text COLLATE utf8mb4_hungarian_ci,
  `created_at` timestamp NOT NULL DEFAULT CURRENT_TIMESTAMP,
  `updated_at` timestamp NULL DEFAULT NULL
) ENGINE=InnoDB DEFAULT CHARSET=utf8mb4 COLLATE=utf8mb4_hungarian_ci;

--
-- Dumping data for table `service_categories`
--

INSERT INTO `service_categories` (`id`, `company_id`, `name`, `description`, `created_at`, `updated_at`) VALUES
(1, 1, 'Férfi Hajvágás / Men\'s haircut', 'levágják a hajad ha férfi vagy', '2026-02-22 21:04:47', NULL),
(2, 1, 'Haj & Szakáll / Hair & Beard', 'hajvágás és szakáll nyírás egybekötve', '2026-02-22 21:06:20', NULL),
(3, 2, 'Hajvágás / Haircut & Styling', 'hajas vágások', '2026-02-23 01:49:24', NULL),
(4, 2, 'Haj & Szakáll / Hair & Beard', 'minden is', '2026-02-23 01:49:59', NULL),
(5, 2, 'Szakáll / Beard', 'arc szőrzet mentesítéses téma', '2026-02-23 01:50:37', NULL);

-- --------------------------------------------------------

--
-- Table structure for table `service_category_map`
--

CREATE TABLE `service_category_map` (
  `id` int(11) NOT NULL,
  `service_id` int(11) NOT NULL,
  `category_id` int(11) NOT NULL,
  `created_at` timestamp NOT NULL DEFAULT CURRENT_TIMESTAMP
) ENGINE=InnoDB DEFAULT CHARSET=utf8mb4 COLLATE=utf8mb4_hungarian_ci;

--
-- Dumping data for table `service_category_map`
--

INSERT INTO `service_category_map` (`id`, `service_id`, `category_id`, `created_at`) VALUES
(1, 1, 1, '2026-02-22 21:20:00'),
(2, 2, 1, '2026-02-22 21:20:26'),
(3, 3, 2, '2026-02-22 21:20:38'),
(4, 4, 3, '2026-02-23 01:53:57'),
(5, 5, 3, '2026-02-23 01:54:34'),
(6, 6, 3, '2026-02-23 01:54:34'),
(7, 7, 4, '2026-02-23 01:58:01'),
(8, 8, 4, '2026-02-23 01:58:21'),
(9, 9, 4, '2026-02-23 01:58:21'),
(10, 10, 5, '2026-02-23 01:59:51');

-- --------------------------------------------------------

--
-- Table structure for table `staff`
--

CREATE TABLE `staff` (
  `id` int(11) NOT NULL,
  `user_id` int(11) NOT NULL,
  `company_id` int(11) NOT NULL,
  `display_name` varchar(255) COLLATE utf8mb4_hungarian_ci DEFAULT NULL,
  `specialties` text COLLATE utf8mb4_hungarian_ci,
  `bio` text COLLATE utf8mb4_hungarian_ci,
  `color` char(7) COLLATE utf8mb4_hungarian_ci DEFAULT NULL,
  `is_active` tinyint(1) DEFAULT '1',
  `is_deleted` tinyint(1) DEFAULT '0',
  `created_at` datetime DEFAULT CURRENT_TIMESTAMP,
  `updated_at` datetime DEFAULT NULL
) ENGINE=InnoDB DEFAULT CHARSET=utf8mb4 COLLATE=utf8mb4_hungarian_ci;

--
-- Dumping data for table `staff`
--

INSERT INTO `staff` (`id`, `user_id`, `company_id`, `display_name`, `specialties`, `bio`, `color`, `is_active`, `is_deleted`, `created_at`, `updated_at`) VALUES
(1, 3, 1, 'Kriszto', 'Senior Stylist', NULL, NULL, 1, 0, '2026-02-22 22:52:54', NULL),
(2, 4, 1, 'Mikó', 'Stylist', NULL, NULL, 1, 0, '2026-02-23 00:14:59', NULL),
(3, 26, 2, 'Márk', 'Barber', NULL, NULL, 1, 0, '2026-02-23 03:01:27', NULL);

--
-- Triggers `staff`
--
DELIMITER $$
CREATE TRIGGER `after_staff_insert` AFTER INSERT ON `staff` FOR EACH ROW BEGIN
    DELETE FROM `pending_staff` 
    WHERE `email` = (
        SELECT `email` FROM `users` WHERE `id` = NEW.user_id
    );
END
$$
DELIMITER ;
DELIMITER $$
CREATE TRIGGER `after_staff_update_audit` AFTER UPDATE ON `staff` FOR EACH ROW BEGIN
    IF NEW.is_active != OLD.is_active THEN
        INSERT INTO `audit_logs` (
            `performed_by_user_id`,
            `performed_by_role`,
            `affected_user_id`,
            `company_id`,
            `email`,
            `entity_type`,
            `action`,
            `old_values`,
            `new_values`,
            `created_at`
        )
        VALUES (
            NEW.user_id,
            'staff',
            NEW.user_id,
            NEW.company_id,
            (SELECT email FROM users WHERE id = NEW.user_id),
            'staff',
            IF(NEW.is_active = TRUE, 'activate', 'deactivate'),
            JSON_OBJECT('is_active', OLD.is_active),
            JSON_OBJECT('is_active', NEW.is_active),
            NOW()
        );
    END IF;
END
$$
DELIMITER ;

-- --------------------------------------------------------

--
-- Table structure for table `staff_exceptions`
--

CREATE TABLE `staff_exceptions` (
  `id` int(11) NOT NULL,
  `staff_id` int(11) NOT NULL,
  `date` date NOT NULL,
  `start_time` time DEFAULT NULL,
  `end_time` time DEFAULT NULL,
  `type` enum('day_off','custom_hours') COLLATE utf8mb4_hungarian_ci NOT NULL COMMENT 'teljes szabi vagy egyedi időablak',
  `note` text COLLATE utf8mb4_hungarian_ci,
  `created_at` timestamp NULL DEFAULT CURRENT_TIMESTAMP,
  `deleted_at` datetime DEFAULT NULL,
  `is_deleted` tinyint(1) NOT NULL DEFAULT '0'
) ENGINE=InnoDB DEFAULT CHARSET=utf8mb4 COLLATE=utf8mb4_hungarian_ci;

-- --------------------------------------------------------

--
-- Table structure for table `staff_services`
--

CREATE TABLE `staff_services` (
  `id` int(11) NOT NULL,
  `staff_id` int(11) NOT NULL,
  `service_id` int(11) NOT NULL,
  `created_at` timestamp NOT NULL DEFAULT CURRENT_TIMESTAMP
) ENGINE=InnoDB DEFAULT CHARSET=utf8mb4 COLLATE=utf8mb4_hungarian_ci;

--
-- Dumping data for table `staff_services`
--

INSERT INTO `staff_services` (`id`, `staff_id`, `service_id`, `created_at`) VALUES
(3, 1, 1, '2026-02-22 21:53:16'),
(5, 1, 2, '2026-02-22 23:17:17'),
(6, 1, 3, '2026-02-22 23:17:22'),
(7, 2, 1, '2026-02-22 23:17:41'),
(8, 2, 2, '2026-02-22 23:17:41'),
(9, 2, 3, '2026-02-22 23:17:41'),
(10, 3, 4, '2026-02-23 02:01:56'),
(11, 3, 5, '2026-02-23 02:02:14'),
(12, 3, 6, '2026-02-23 02:02:14'),
(13, 3, 7, '2026-02-23 02:02:14'),
(14, 3, 8, '2026-02-23 02:02:14'),
(15, 3, 9, '2026-02-23 02:02:14'),
(16, 3, 10, '2026-02-23 02:02:14');

-- --------------------------------------------------------

--
-- Table structure for table `staff_working_hours`
--

CREATE TABLE `staff_working_hours` (
  `id` int(11) NOT NULL,
  `staff_id` int(11) NOT NULL,
  `day_of_week` enum('monday','tuesday','wednesday','thursday','friday','saturday','sunday') COLLATE utf8mb4_hungarian_ci NOT NULL,
  `start_time` time DEFAULT NULL,
  `end_time` time DEFAULT NULL,
  `is_available` tinyint(1) DEFAULT '1',
  `created_at` timestamp NOT NULL DEFAULT CURRENT_TIMESTAMP,
  `updated_at` timestamp NULL DEFAULT NULL
) ENGINE=InnoDB DEFAULT CHARSET=utf8mb4 COLLATE=utf8mb4_hungarian_ci;

--
-- Dumping data for table `staff_working_hours`
--

INSERT INTO `staff_working_hours` (`id`, `staff_id`, `day_of_week`, `start_time`, `end_time`, `is_available`, `created_at`, `updated_at`) VALUES
(1, 1, 'monday', NULL, NULL, 0, '2026-02-22 21:59:11', NULL),
(2, 1, 'tuesday', '08:00:00', '19:00:00', 1, '2026-02-22 21:59:11', NULL),
(3, 1, 'wednesday', '08:00:00', '19:00:00', 1, '2026-02-22 21:59:11', NULL),
(4, 1, 'thursday', '08:00:00', '19:00:00', 1, '2026-02-22 21:59:11', NULL),
(5, 1, 'friday', '08:00:00', '19:00:00', 1, '2026-02-22 21:59:11', NULL),
(6, 1, 'saturday', '08:00:00', '19:00:00', 1, '2026-02-22 21:59:11', NULL),
(7, 1, 'sunday', NULL, NULL, 0, '2026-02-22 21:59:11', NULL),
(8, 2, 'monday', NULL, NULL, 0, '2026-02-22 23:18:11', NULL),
(9, 2, 'tuesday', '08:00:00', '19:00:00', 1, '2026-02-22 23:18:11', NULL),
(10, 2, 'wednesday', '08:00:00', '19:00:00', 1, '2026-02-22 23:18:11', NULL),
(11, 2, 'thursday', '08:00:00', '19:00:00', 1, '2026-02-22 23:18:11', NULL),
(12, 2, 'friday', '08:00:00', '19:00:00', 1, '2026-02-22 23:18:11', NULL),
(13, 2, 'saturday', '08:00:00', '19:00:00', 1, '2026-02-22 23:18:11', NULL),
(14, 2, 'sunday', NULL, NULL, 0, '2026-02-22 23:18:11', NULL),
(15, 3, 'monday', NULL, NULL, 0, '2026-02-23 02:04:57', NULL),
(16, 3, 'tuesday', '10:00:00', '19:00:00', 1, '2026-02-23 02:04:57', NULL),
(17, 3, 'wednesday', '10:00:00', '19:00:00', 1, '2026-02-23 02:04:57', NULL),
(18, 3, 'thursday', '10:00:00', '19:00:00', 1, '2026-02-23 02:04:57', NULL),
(19, 3, 'friday', '10:00:00', '19:00:00', 1, '2026-02-23 02:04:57', NULL),
(20, 3, 'saturday', '10:00:00', '19:00:00', 1, '2026-02-23 02:04:57', NULL),
(21, 3, 'sunday', NULL, NULL, 0, '2026-02-23 02:04:57', NULL);

-- --------------------------------------------------------

--
-- Table structure for table `temporary_closed_periods`
--

CREATE TABLE `temporary_closed_periods` (
  `id` int(11) NOT NULL,
  `company_id` int(11) NOT NULL,
  `start_date` date NOT NULL,
  `end_date` date NOT NULL,
  `open_time` time DEFAULT NULL,
  `close_time` time DEFAULT NULL,
  `created_at` timestamp NOT NULL DEFAULT CURRENT_TIMESTAMP,
  `updated_at` timestamp NULL DEFAULT NULL
) ENGINE=InnoDB DEFAULT CHARSET=utf8mb4 COLLATE=utf8mb4_hungarian_ci;

-- --------------------------------------------------------

--
-- Table structure for table `tokens`
--

CREATE TABLE `tokens` (
  `id` int(11) NOT NULL,
  `user_id` int(11) DEFAULT NULL,
  `token` varchar(500) COLLATE utf8mb4_hungarian_ci NOT NULL,
  `type` varchar(100) COLLATE utf8mb4_hungarian_ci NOT NULL,
  `expires_at` datetime NOT NULL,
  `is_revoked` tinyint(1) NOT NULL DEFAULT '0',
  `revoked_at` datetime DEFAULT NULL,
  `created_at` datetime NOT NULL DEFAULT CURRENT_TIMESTAMP
) ENGINE=InnoDB DEFAULT CHARSET=utf8mb4 COLLATE=utf8mb4_hungarian_ci;

-- --------------------------------------------------------

--
-- Table structure for table `two_factor_recovery_codes`
--

CREATE TABLE `two_factor_recovery_codes` (
  `id` int(11) NOT NULL,
  `user_id` int(11) NOT NULL,
  `code` varchar(64) COLLATE utf8mb4_hungarian_ci NOT NULL COMMENT 'Hashed recovery code',
  `used_at` datetime DEFAULT NULL,
  `is_used` tinyint(1) NOT NULL DEFAULT '0',
  `created_at` datetime NOT NULL DEFAULT CURRENT_TIMESTAMP
) ENGINE=InnoDB DEFAULT CHARSET=utf8mb4 COLLATE=utf8mb4_hungarian_ci;

-- --------------------------------------------------------

--
-- Table structure for table `users`
--

CREATE TABLE `users` (
  `id` int(11) NOT NULL,
  `guid` char(36) COLLATE utf8mb4_hungarian_ci NOT NULL,
  `first_name` varchar(100) COLLATE utf8mb4_hungarian_ci DEFAULT NULL,
  `last_name` varchar(100) COLLATE utf8mb4_hungarian_ci DEFAULT NULL,
  `email` varchar(100) COLLATE utf8mb4_hungarian_ci NOT NULL,
  `password` text COLLATE utf8mb4_hungarian_ci NOT NULL,
  `phone` varchar(30) COLLATE utf8mb4_hungarian_ci NOT NULL,
  `company_id` int(11) DEFAULT NULL COMMENT 'NULL for superadmins or independent clients',
  `created_at` datetime NOT NULL DEFAULT CURRENT_TIMESTAMP,
  `updated_at` datetime DEFAULT NULL,
  `deleted_at` datetime DEFAULT NULL,
  `is_deleted` tinyint(1) NOT NULL DEFAULT '0',
  `last_login` datetime DEFAULT NULL,
  `register_finished_at` datetime DEFAULT NULL,
  `is_active` tinyint(1) NOT NULL DEFAULT '1' COMMENT 'Admins can deactivate users',
  `two_factor_enabled` tinyint(1) NOT NULL DEFAULT '0' COMMENT 'Whether 2FA is enabled',
  `two_factor_secret` varchar(32) COLLATE utf8mb4_hungarian_ci DEFAULT NULL COMMENT 'TOTP secret key (encrypted)',
  `two_factor_confirmed_at` datetime DEFAULT NULL COMMENT 'When 2FA was confirmed/activated',
  `two_factor_recovery_codes` longtext COLLATE utf8mb4_hungarian_ci
) ENGINE=InnoDB DEFAULT CHARSET=utf8mb4 COLLATE=utf8mb4_hungarian_ci;

--
-- Dumping data for table `users`
--

INSERT INTO `users` (`id`, `guid`, `first_name`, `last_name`, `email`, `password`, `phone`, `company_id`, `created_at`, `updated_at`, `deleted_at`, `is_deleted`, `last_login`, `register_finished_at`, `is_active`, `two_factor_enabled`, `two_factor_secret`, `two_factor_confirmed_at`, `two_factor_recovery_codes`) VALUES
(1, '6231cba4-1026-11f1-afc2-2178f5682584', 'Benjámin', 'Vasvári', 'vasvariben@gmail.com', '$argon2id$v=19$m=65536,t=3,p=1$nlmx/azGmOP53sKF3tJUwQ$LVWmEY9KjqxX6DWLaU5lL1+Ul7FcXQri/yhpVB5qAOs', '+36704134374', NULL, '2026-02-22 20:40:46', '2026-02-22 20:43:44', NULL, 0, '2026-02-24 21:03:21', '2026-02-22 20:43:44', 1, 0, NULL, NULL, NULL),
(2, '5b5ce1aa-1027-11f1-afc2-2178f5682584', 'Tulaj', 'Jungle', 'jungle@jungle.hu', '$argon2id$v=19$m=65536,t=3,p=1$7gayZE9rh1QYR2KBE+urgg$WPksHWfoAw41UQYIVoGx914oP/VC72tKCepKzYhb0Zw', '+36302433894', 1, '2026-02-22 20:47:44', '2026-02-22 21:39:33', NULL, 0, '2026-02-24 22:00:25', '2026-02-22 20:48:36', 1, 0, NULL, NULL, NULL),
(3, 'a397a37e-1036-11f1-afc2-2178f5682584', 'Krisztofer', 'Kerekes', 'kerekes@kriszto.hu', '$argon2id$v=19$m=65536,t=3,p=1$+gQ0xtich2UV0+NCPcNBjw$0zMS+Ni8EoS+NlHvWxx8H72J4UyeignBRO74ftdmRzU', '+36704923823', 1, '2026-02-22 22:37:08', '2026-02-22 22:45:25', NULL, 0, '2026-02-22 22:46:11', '2026-02-22 22:38:31', 1, 0, NULL, NULL, NULL),
(4, '273333e0-1043-11f1-afc2-2178f5682584', 'Balázs', 'Mikó', 'miko@balazs.hu', '$argon2id$v=19$m=65536,t=3,p=1$06e6EVB1P9tIf2GjN4eTHw$dHG1nalIct/wGfTA2+gsUtk/krqPGqq31Tgxmqo3f/g', '+36308741474', 1, '2026-02-23 00:06:43', '2026-02-23 00:08:11', NULL, 0, '2026-02-23 00:09:16', '2026-02-23 00:07:19', 1, 0, NULL, NULL, NULL),
(5, '87a56bad-20ae-4625-8186-512bb72434ab', 'István', 'Bíró', 'istvan.biro87@gmail.com', '$argon2id$v=19$m=65536,t=3,p=1$dGVzdHNhbHQxMjM0NTY3$8K3R2vQmN1pL9xF6wE4hJcYuBoTsAiDnMkGlPrVeHfU', '+36720870787', NULL, '2026-02-01 09:00:00', '2026-02-01 09:08:00', NULL, 0, '2026-02-05 01:08:00', '2026-02-01 09:08:00', 1, 0, NULL, NULL, NULL),
(6, '5835f453-aef1-41d2-89f3-b643b177d66d', 'Péter', 'Simon', 'peter.simon@citromail.hu', '$argon2id$v=19$m=65536,t=3,p=1$dGVzdHNhbHQxMjM0NTY3$8K3R2vQmN1pL9xF6wE4hJcYuBoTsAiDnMkGlPrVeHfU', '+36770706722', NULL, '2026-02-02 11:00:00', '2026-02-02 11:13:00', NULL, 0, '2026-02-05 19:13:00', '2026-02-02 11:13:00', 1, 0, NULL, NULL, NULL),
(7, '31801d5f-f59f-4707-a758-87e53e98ab7f', 'Norbert', 'Molnár', 'norbert.molnar47@gmail.com', '$argon2id$v=19$m=65536,t=3,p=1$dGVzdHNhbHQxMjM0NTY3$8K3R2vQmN1pL9xF6wE4hJcYuBoTsAiDnMkGlPrVeHfU', '+36720269452', NULL, '2026-01-27 12:00:00', '2026-01-27 12:09:00', NULL, 0, '2026-02-08 22:09:00', '2026-01-27 12:09:00', 1, 0, NULL, NULL, NULL),
(8, 'd6b78df3-e6dd-4b7a-b638-febaa9d16431', 'Dávid', 'Rácz', 'david.racz@gmail.com', '$argon2id$v=19$m=65536,t=3,p=1$dGVzdHNhbHQxMjM0NTY3$8K3R2vQmN1pL9xF6wE4hJcYuBoTsAiDnMkGlPrVeHfU', '+36770547914', NULL, '2026-02-06 18:00:00', '2026-02-06 18:12:00', NULL, 0, '2026-02-10 11:12:00', '2026-02-06 18:12:00', 1, 0, NULL, NULL, NULL),
(9, '562ed0b0-7468-4840-83ae-f973adfd402d', 'Viktória', 'Fekete', 'viktoria.fekete78@citromail.hu', '$argon2id$v=19$m=65536,t=3,p=1$dGVzdHNhbHQxMjM0NTY3$8K3R2vQmN1pL9xF6wE4hJcYuBoTsAiDnMkGlPrVeHfU', '+36720374143', NULL, '2026-01-29 14:00:00', '2026-01-29 14:06:00', NULL, 0, '2026-02-17 01:06:00', '2026-01-29 14:06:00', 1, 0, NULL, NULL, NULL),
(10, 'f2457988-7286-4ecf-8b52-eae1d4ab3a81', 'Gábor', 'Oláh', 'gabor.olah17@gmail.com', '$argon2id$v=19$m=65536,t=3,p=1$dGVzdHNhbHQxMjM0NTY3$8K3R2vQmN1pL9xF6wE4hJcYuBoTsAiDnMkGlPrVeHfU', '+36720629242', NULL, '2026-01-27 12:00:00', '2026-01-27 12:03:00', NULL, 0, '2026-02-04 05:03:00', '2026-01-27 12:03:00', 1, 0, NULL, NULL, NULL),
(11, '32b30873-1b5b-493a-a50b-8182910010da', 'Katalin', 'Fehér', 'katalin.feher50@gmail.com', '$argon2id$v=19$m=65536,t=3,p=1$dGVzdHNhbHQxMjM0NTY3$8K3R2vQmN1pL9xF6wE4hJcYuBoTsAiDnMkGlPrVeHfU', '+36770937571', NULL, '2026-01-27 18:00:00', '2026-01-27 18:09:00', NULL, 0, '2026-02-02 06:09:00', '2026-01-27 18:09:00', 1, 0, NULL, NULL, NULL),
(12, '44a2e694-5263-456a-9292-714a92c93ae0', 'László', 'Nagy', 'laszlo.nagy@citromail.hu', '$argon2id$v=19$m=65536,t=3,p=1$dGVzdHNhbHQxMjM0NTY3$8K3R2vQmN1pL9xF6wE4hJcYuBoTsAiDnMkGlPrVeHfU', '+36770540807', NULL, '2026-02-07 17:00:00', '2026-02-07 17:08:00', NULL, 0, '2026-02-27 07:08:00', '2026-02-07 17:08:00', 1, 0, NULL, NULL, NULL),
(13, '919b1d1b-e0aa-4a75-a516-5a161ff7b519', 'Anna', 'Horváth', 'anna.horvath@gmail.com', '$argon2id$v=19$m=65536,t=3,p=1$dGVzdHNhbHQxMjM0NTY3$8K3R2vQmN1pL9xF6wE4hJcYuBoTsAiDnMkGlPrVeHfU', '+36770927982', NULL, '2026-01-17 20:00:00', '2026-01-17 20:02:00', NULL, 0, '2026-01-22 06:02:00', '2026-01-17 20:02:00', 1, 0, NULL, NULL, NULL),
(14, '5a74e998-8b07-4669-9dbb-fa2a68c3fcc1', 'Boglárka', 'Kiss', 'boglarka.kiss97@hotmail.com', '$argon2id$v=19$m=65536,t=3,p=1$dGVzdHNhbHQxMjM0NTY3$8K3R2vQmN1pL9xF6wE4hJcYuBoTsAiDnMkGlPrVeHfU', '+36770206581', NULL, '2026-01-27 14:00:00', '2026-01-27 14:11:00', NULL, 0, '2026-02-12 06:11:00', '2026-01-27 14:11:00', 1, 0, NULL, NULL, NULL),
(15, '5f47bc45-4ed1-44cd-9492-969de8d048c6', 'Eszter', 'Szabó', 'eszter.szabo@freemail.hu', '$argon2id$v=19$m=65536,t=3,p=1$dGVzdHNhbHQxMjM0NTY3$8K3R2vQmN1pL9xF6wE4hJcYuBoTsAiDnMkGlPrVeHfU', '+36720292185', NULL, '2026-02-05 16:00:00', '2026-02-05 16:14:00', NULL, 0, '2026-02-15 12:14:00', '2026-02-05 16:14:00', 1, 0, NULL, NULL, NULL),
(16, '85fdfd8a-1aa6-420c-939a-b1e583d2389e', 'Ádám', 'Tóth', 'adam.toth24@gmail.com', '$argon2id$v=19$m=65536,t=3,p=1$dGVzdHNhbHQxMjM0NTY3$8K3R2vQmN1pL9xF6wE4hJcYuBoTsAiDnMkGlPrVeHfU', '+36730365344', NULL, '2026-01-29 08:00:00', '2026-01-29 08:13:00', NULL, 0, '2026-02-08 00:13:00', '2026-01-29 08:13:00', 1, 0, NULL, NULL, NULL),
(17, 'e004cff4-3d5e-484d-b14e-d559490b8b0f', 'Nikolett', 'Papp', 'nikolett.papp74@gmail.com', '$argon2id$v=19$m=65536,t=3,p=1$dGVzdHNhbHQxMjM0NTY3$8K3R2vQmN1pL9xF6wE4hJcYuBoTsAiDnMkGlPrVeHfU', '+36770600707', NULL, '2026-02-10 18:00:00', '2026-02-10 18:10:00', NULL, 0, '2026-02-23 05:10:00', '2026-02-10 18:10:00', 1, 0, NULL, NULL, NULL),
(18, 'd6347fbd-b874-421a-a17c-04bec1b7f193', 'Zsófia', 'Kovács', 'zsofia.kovacs@yahoo.com', '$argon2id$v=19$m=65536,t=3,p=1$dGVzdHNhbHQxMjM0NTY3$8K3R2vQmN1pL9xF6wE4hJcYuBoTsAiDnMkGlPrVeHfU', '+36720989785', NULL, '2026-02-13 08:00:00', '2026-02-13 08:11:00', NULL, 0, '2026-02-22 23:11:00', '2026-02-13 08:11:00', 1, 0, NULL, NULL, NULL),
(19, 'cddcd9b1-acb5-4b13-bc3f-e7e6adc3feb2', 'Éva', 'Szűcs', 'eva.szucs@gmail.com', '$argon2id$v=19$m=65536,t=3,p=1$dGVzdHNhbHQxMjM0NTY3$8K3R2vQmN1pL9xF6wE4hJcYuBoTsAiDnMkGlPrVeHfU', '+36730501734', NULL, '2026-01-16 11:00:00', '2026-01-16 11:11:00', NULL, 0, '2026-01-19 20:11:00', '2026-01-16 11:11:00', 1, 0, NULL, NULL, NULL),
(20, '03e371c4-59d2-417a-929f-971a86d19857', 'Richárd', 'Lukács', 'richard.lukacs18@yahoo.com', '$argon2id$v=19$m=65536,t=3,p=1$dGVzdHNhbHQxMjM0NTY3$8K3R2vQmN1pL9xF6wE4hJcYuBoTsAiDnMkGlPrVeHfU', '+36770310991', NULL, '2026-01-19 18:00:00', '2026-01-19 18:09:00', NULL, 0, '2026-02-07 04:09:00', '2026-01-19 18:09:00', 1, 0, NULL, NULL, NULL),
(21, '22137d4e-3323-4119-96b8-d4cb63b0c724', 'Zoltán', 'Farkas', 'zoltan.farkas@yahoo.com', '$argon2id$v=19$m=65536,t=3,p=1$dGVzdHNhbHQxMjM0NTY3$8K3R2vQmN1pL9xF6wE4hJcYuBoTsAiDnMkGlPrVeHfU', '+36770809907', NULL, '2026-02-14 11:00:00', '2026-02-14 11:10:00', NULL, 0, '2026-02-22 06:10:00', '2026-02-14 11:10:00', 1, 0, NULL, NULL, NULL),
(22, 'cdee7ef2-fb39-46a6-acb9-806723144ef8', 'Réka', 'Takács', 'reka.takacs@citromail.hu', '$argon2id$v=19$m=65536,t=3,p=1$dGVzdHNhbHQxMjM0NTY3$8K3R2vQmN1pL9xF6wE4hJcYuBoTsAiDnMkGlPrVeHfU', '+36770726495', NULL, '2026-01-29 16:00:00', '2026-01-29 16:09:00', NULL, 0, '2026-02-03 03:09:00', '2026-01-29 16:09:00', 1, 0, NULL, NULL, NULL),
(23, '60560777-c10f-4d0f-9c95-d8131217ccb9', 'Tamás', 'Varga', 'tamas.varga@gmail.com', '$argon2id$v=19$m=65536,t=3,p=1$dGVzdHNhbHQxMjM0NTY3$8K3R2vQmN1pL9xF6wE4hJcYuBoTsAiDnMkGlPrVeHfU', '+36720486068', NULL, '2026-02-02 11:00:00', '2026-02-02 11:02:00', NULL, 0, '2026-02-06 06:02:00', '2026-02-02 11:02:00', 1, 0, NULL, NULL, NULL),
(24, '70ae0fc0-4cb3-4ad2-b108-0f1f8fcffb58', 'Mónika', 'Balogh', 'monika.balogh39@gmail.com', '$argon2id$v=19$m=65536,t=3,p=1$dGVzdHNhbHQxMjM0NTY3$8K3R2vQmN1pL9xF6wE4hJcYuBoTsAiDnMkGlPrVeHfU', '+36720654367', NULL, '2026-01-17 16:00:00', '2026-01-17 16:05:00', NULL, 0, '2026-01-27 10:05:00', '2026-01-17 16:05:00', 1, 0, NULL, NULL, NULL),
(25, '0fa6c30a-1056-11f1-afc2-2178f5682584', 'Tulaj', 'Perspective', 'perspective@perspective.hu', '$argon2id$v=19$m=65536,t=3,p=1$s6NGsjCzbJqxfcy5nDEPIw$aEsPeb4EN240quTwokcV+GyLencSz0DKLKx3KnPgbVE', '+36704385629', 2, '2026-02-23 02:22:04', '2026-02-23 02:24:25', NULL, 0, '2026-02-23 13:40:44', '2026-02-23 02:22:11', 1, 0, NULL, NULL, NULL),
(26, '73c87434-1059-11f1-afc2-2178f5682584', 'Márk', 'Csőke', 'csoke@mark.hu', '$argon2id$v=19$m=65536,t=3,p=1$dXJZK1hrqWQRU4W22lnalw$x19iPAAsVxdT2N4xOyo19rqwXYMPgTnCKkUM5QLFmag', '+36205935829', 2, '2026-02-23 02:46:20', '2026-02-23 02:47:56', NULL, 0, '2026-02-23 02:46:58', '2026-02-23 02:46:26', 1, 0, NULL, NULL, NULL),
(27, 'ced18eb6-10a8-11f1-afc2-2178f5682584', 'Teszt', 'Teszt', 'teszt@teszt.hu', '$argon2id$v=19$m=65536,t=3,p=1$N/RT5StqSvqKdP3s9D7tJg$6yzId0S/PZqqseuoez5lQSYRubYO6zl2pkuGfHcHJi4', '+36703912748', NULL, '2026-02-23 12:14:23', '2026-02-23 12:14:41', NULL, 0, '2026-02-23 12:14:59', '2026-02-23 12:14:41', 1, 0, NULL, NULL, NULL);

--
-- Triggers `users`
--
DELIMITER $$
CREATE TRIGGER `after_user_update_audit` AFTER UPDATE ON `users` FOR EACH ROW BEGIN
    DECLARE userRole VARCHAR(50);
    
    -- Ha soft delete történt
    IF NEW.is_deleted = TRUE AND OLD.is_deleted = FALSE THEN
        -- User role lekérése
        SELECT r.name INTO userRole
        FROM user_x_role uxr
        INNER JOIN roles r ON uxr.role_id = r.id
        WHERE uxr.user_id = NEW.id
          AND uxr.is_un_assigned = FALSE
        LIMIT 1;
        
        -- Audit log bejegyzés
        INSERT INTO `audit_logs` (
            `performed_by_user_id`,
            `performed_by_role`,
            `affected_user_id`,
            `company_id`,
            `email`,
            `entity_type`,
            `action`,
            `old_values`,
            `new_values`,
            `created_at`
        )
        VALUES (
            NEW.id,  -- Magát törölte (vagy egy admin, de azt nem tudjuk)
            userRole,
            NEW.id,
            NEW.company_id,
            NEW.email,
            'user',
            'soft_delete',
            JSON_OBJECT('is_deleted', OLD.is_deleted),
            JSON_OBJECT('is_deleted', NEW.is_deleted, 'deleted_at', NEW.deleted_at),
            NOW()
        );
    END IF;
    
    -- Ha deaktiválás történt
    IF NEW.is_active = FALSE AND OLD.is_active = TRUE THEN
        SELECT r.name INTO userRole
        FROM user_x_role uxr
        INNER JOIN roles r ON uxr.role_id = r.id
        WHERE uxr.user_id = NEW.id
          AND uxr.is_un_assigned = FALSE
        LIMIT 1;
        
        INSERT INTO `audit_logs` (
            `performed_by_user_id`,
            `performed_by_role`,
            `affected_user_id`,
            `company_id`,
            `email`,
            `entity_type`,
            `action`,
            `old_values`,
            `new_values`,
            `created_at`
        )
        VALUES (
            NEW.id,
            userRole,
            NEW.id,
            NEW.company_id,
            NEW.email,
            'user',
            'deactivate',
            JSON_OBJECT('is_active', OLD.is_active),
            JSON_OBJECT('is_active', NEW.is_active),
            NOW()
        );
    END IF;
END
$$
DELIMITER ;
DELIMITER $$
CREATE TRIGGER `users_before_insert_guid` BEFORE INSERT ON `users` FOR EACH ROW BEGIN
    IF NEW.guid IS NULL OR NEW.guid = '' OR NEW.guid = '-' OR LENGTH(NEW.guid) != 36 THEN
        SET NEW.guid = UUID();
    END IF;
END
$$
DELIMITER ;
DELIMITER $$
CREATE TRIGGER `users_before_update_guid` BEFORE UPDATE ON `users` FOR EACH ROW BEGIN
    IF NEW.guid IS NULL OR NEW.guid = '' OR NEW.guid = '-' OR LENGTH(NEW.guid) != 36 THEN
        IF OLD.guid IS NOT NULL AND OLD.guid != '' AND OLD.guid != '-' AND LENGTH(OLD.guid) = 36 THEN
            SET NEW.guid = OLD.guid;
        ELSE
            SET NEW.guid = UUID();
        END IF;
    END IF;
END
$$
DELIMITER ;

-- --------------------------------------------------------

--
-- Table structure for table `user_x_role`
--

CREATE TABLE `user_x_role` (
  `id` int(11) NOT NULL,
  `user_id` int(11) NOT NULL,
  `role_id` int(11) NOT NULL,
  `assigned_at` timestamp NULL DEFAULT CURRENT_TIMESTAMP,
  `un_assigned_at` timestamp NULL DEFAULT NULL,
  `is_un_assigned` tinyint(1) DEFAULT '0'
) ENGINE=InnoDB DEFAULT CHARSET=utf8mb4 COLLATE=utf8mb4_hungarian_ci;

--
-- Dumping data for table `user_x_role`
--

INSERT INTO `user_x_role` (`id`, `user_id`, `role_id`, `assigned_at`, `un_assigned_at`, `is_un_assigned`) VALUES
(1, 1, 4, '2026-02-22 19:40:46', NULL, 0),
(2, 1, 1, '2026-02-22 19:46:23', NULL, 0),
(3, 2, 4, '2026-02-22 19:47:44', NULL, 0),
(4, 2, 2, '2026-02-22 20:39:33', NULL, 0),
(5, 3, 4, '2026-02-22 21:37:08', NULL, 0),
(6, 3, 3, '2026-02-22 21:45:54', NULL, 0),
(7, 4, 4, '2026-02-22 23:06:43', NULL, 0),
(8, 4, 3, '2026-02-22 23:08:19', NULL, 0),
(9, 5, 4, '2026-02-01 08:08:00', NULL, 0),
(10, 6, 4, '2026-02-02 10:13:00', NULL, 0),
(11, 7, 4, '2026-01-27 11:09:00', NULL, 0),
(12, 8, 4, '2026-02-06 17:12:00', NULL, 0),
(13, 9, 4, '2026-01-29 13:06:00', NULL, 0),
(14, 10, 4, '2026-01-27 11:03:00', NULL, 0),
(15, 11, 4, '2026-01-27 17:09:00', NULL, 0),
(16, 12, 4, '2026-02-07 16:08:00', NULL, 0),
(17, 13, 4, '2026-01-17 19:02:00', NULL, 0),
(18, 14, 4, '2026-01-27 13:11:00', NULL, 0),
(19, 15, 4, '2026-02-05 15:14:00', NULL, 0),
(20, 16, 4, '2026-01-29 07:13:00', NULL, 0),
(21, 17, 4, '2026-02-10 17:10:00', NULL, 0),
(22, 18, 4, '2026-02-13 07:11:00', NULL, 0),
(23, 19, 4, '2026-01-16 10:11:00', NULL, 0),
(24, 20, 4, '2026-01-19 17:09:00', NULL, 0),
(25, 21, 4, '2026-02-14 10:10:00', NULL, 0),
(26, 22, 4, '2026-01-29 15:09:00', NULL, 0),
(27, 23, 4, '2026-02-02 10:02:00', NULL, 0),
(28, 24, 4, '2026-01-17 15:05:00', NULL, 0),
(29, 25, 4, '2026-02-23 01:22:04', NULL, 0),
(30, 25, 2, '2026-02-23 01:24:25', NULL, 0),
(31, 26, 4, '2026-02-23 01:46:20', NULL, 0),
(32, 26, 3, '2026-02-23 01:47:50', NULL, 0),
(33, 27, 4, '2026-02-23 11:14:23', NULL, 0);

--
-- Indexes for dumped tables
--

--
-- Indexes for table `appointments`
--
ALTER TABLE `appointments`
  ADD PRIMARY KEY (`id`),
  ADD KEY `company_id` (`company_id`),
  ADD KEY `service_id` (`service_id`),
  ADD KEY `staff_id` (`staff_id`),
  ADD KEY `client_id` (`client_id`),
  ADD KEY `cancelled_by` (`cancelled_by`);

--
-- Indexes for table `audit_logs`
--
ALTER TABLE `audit_logs`
  ADD PRIMARY KEY (`id`),
  ADD KEY `user_id` (`performed_by_user_id`),
  ADD KEY `company_id` (`company_id`),
  ADD KEY `fk_audit_affected_user` (`affected_entity_id`);

--
-- Indexes for table `business_categories`
--
ALTER TABLE `business_categories`
  ADD PRIMARY KEY (`id`),
  ADD UNIQUE KEY `unique_name` (`name`);

--
-- Indexes for table `companies`
--
ALTER TABLE `companies`
  ADD PRIMARY KEY (`id`),
  ADD KEY `owner_id` (`owner_id`),
  ADD KEY `fk_companies_business_category` (`business_category_id`);

--
-- Indexes for table `favorites`
--
ALTER TABLE `favorites`
  ADD PRIMARY KEY (`id`),
  ADD KEY `idx_user_id` (`user_id`),
  ADD KEY `idx_company_id` (`company_id`),
  ADD KEY `idx_is_deleted` (`is_deleted`);

--
-- Indexes for table `images`
--
ALTER TABLE `images`
  ADD PRIMARY KEY (`id`),
  ADD KEY `company_id` (`company_id`),
  ADD KEY `user_id` (`user_id`);

--
-- Indexes for table `notification_settings`
--
ALTER TABLE `notification_settings`
  ADD PRIMARY KEY (`id`),
  ADD KEY `user_id` (`user_id`);

--
-- Indexes for table `opening_hours`
--
ALTER TABLE `opening_hours`
  ADD PRIMARY KEY (`id`),
  ADD KEY `company_id` (`company_id`);

--
-- Indexes for table `pending_staff`
--
ALTER TABLE `pending_staff`
  ADD PRIMARY KEY (`id`),
  ADD KEY `fk_pending_staff_company` (`company_id`),
  ADD KEY `fk_pending_staff_token` (`token_id`),
  ADD KEY `fk_pending_staff_user` (`user_id`);

--
-- Indexes for table `reviews`
--
ALTER TABLE `reviews`
  ADD PRIMARY KEY (`id`),
  ADD KEY `company_id` (`company_id`),
  ADD KEY `client_id` (`client_id`),
  ADD KEY `appointment_id` (`appointment_id`);

--
-- Indexes for table `roles`
--
ALTER TABLE `roles`
  ADD PRIMARY KEY (`id`),
  ADD UNIQUE KEY `name` (`name`);

--
-- Indexes for table `services`
--
ALTER TABLE `services`
  ADD PRIMARY KEY (`id`),
  ADD KEY `company_id` (`company_id`);

--
-- Indexes for table `service_categories`
--
ALTER TABLE `service_categories`
  ADD PRIMARY KEY (`id`),
  ADD KEY `company_id` (`company_id`);

--
-- Indexes for table `service_category_map`
--
ALTER TABLE `service_category_map`
  ADD PRIMARY KEY (`id`),
  ADD UNIQUE KEY `unique_service_category` (`service_id`,`category_id`),
  ADD KEY `service_id` (`service_id`),
  ADD KEY `category_id` (`category_id`);

--
-- Indexes for table `staff`
--
ALTER TABLE `staff`
  ADD PRIMARY KEY (`id`),
  ADD KEY `user_id` (`user_id`),
  ADD KEY `company_id` (`company_id`);

--
-- Indexes for table `staff_exceptions`
--
ALTER TABLE `staff_exceptions`
  ADD PRIMARY KEY (`id`),
  ADD KEY `staff_id` (`staff_id`);

--
-- Indexes for table `staff_services`
--
ALTER TABLE `staff_services`
  ADD PRIMARY KEY (`id`),
  ADD UNIQUE KEY `unique_staff_service` (`staff_id`,`service_id`),
  ADD KEY `staff_id` (`staff_id`),
  ADD KEY `service_id` (`service_id`);

--
-- Indexes for table `staff_working_hours`
--
ALTER TABLE `staff_working_hours`
  ADD PRIMARY KEY (`id`),
  ADD UNIQUE KEY `unique_staff_day` (`staff_id`,`day_of_week`),
  ADD KEY `staff_id` (`staff_id`);

--
-- Indexes for table `temporary_closed_periods`
--
ALTER TABLE `temporary_closed_periods`
  ADD PRIMARY KEY (`id`),
  ADD KEY `company_id` (`company_id`);

--
-- Indexes for table `tokens`
--
ALTER TABLE `tokens`
  ADD PRIMARY KEY (`id`),
  ADD KEY `idx_token` (`token`(255)),
  ADD KEY `idx_user_id` (`user_id`),
  ADD KEY `idx_expires_at` (`expires_at`);

--
-- Indexes for table `two_factor_recovery_codes`
--
ALTER TABLE `two_factor_recovery_codes`
  ADD PRIMARY KEY (`id`),
  ADD KEY `user_id` (`user_id`),
  ADD KEY `code` (`code`);

--
-- Indexes for table `users`
--
ALTER TABLE `users`
  ADD PRIMARY KEY (`id`),
  ADD UNIQUE KEY `email` (`email`),
  ADD UNIQUE KEY `unique_guid` (`guid`),
  ADD KEY `fk_users_company_id` (`company_id`),
  ADD KEY `idx_users_guid` (`guid`);

--
-- Indexes for table `user_x_role`
--
ALTER TABLE `user_x_role`
  ADD PRIMARY KEY (`id`),
  ADD UNIQUE KEY `unique_user_role` (`user_id`,`role_id`),
  ADD KEY `role_id` (`role_id`);

--
-- AUTO_INCREMENT for dumped tables
--

--
-- AUTO_INCREMENT for table `appointments`
--
ALTER TABLE `appointments`
  MODIFY `id` int(11) NOT NULL AUTO_INCREMENT, AUTO_INCREMENT=535;

--
-- AUTO_INCREMENT for table `audit_logs`
--
ALTER TABLE `audit_logs`
  MODIFY `id` int(11) NOT NULL AUTO_INCREMENT, AUTO_INCREMENT=85;

--
-- AUTO_INCREMENT for table `business_categories`
--
ALTER TABLE `business_categories`
  MODIFY `id` int(11) NOT NULL AUTO_INCREMENT, AUTO_INCREMENT=2;

--
-- AUTO_INCREMENT for table `companies`
--
ALTER TABLE `companies`
  MODIFY `id` int(11) NOT NULL AUTO_INCREMENT, AUTO_INCREMENT=3;

--
-- AUTO_INCREMENT for table `favorites`
--
ALTER TABLE `favorites`
  MODIFY `id` int(11) NOT NULL AUTO_INCREMENT, AUTO_INCREMENT=2;

--
-- AUTO_INCREMENT for table `images`
--
ALTER TABLE `images`
  MODIFY `id` int(11) NOT NULL AUTO_INCREMENT, AUTO_INCREMENT=38;

--
-- AUTO_INCREMENT for table `notification_settings`
--
ALTER TABLE `notification_settings`
  MODIFY `id` int(11) NOT NULL AUTO_INCREMENT, AUTO_INCREMENT=8;

--
-- AUTO_INCREMENT for table `opening_hours`
--
ALTER TABLE `opening_hours`
  MODIFY `id` int(11) NOT NULL AUTO_INCREMENT, AUTO_INCREMENT=15;

--
-- AUTO_INCREMENT for table `pending_staff`
--
ALTER TABLE `pending_staff`
  MODIFY `id` int(11) NOT NULL AUTO_INCREMENT;

--
-- AUTO_INCREMENT for table `reviews`
--
ALTER TABLE `reviews`
  MODIFY `id` int(11) NOT NULL AUTO_INCREMENT, AUTO_INCREMENT=60;

--
-- AUTO_INCREMENT for table `roles`
--
ALTER TABLE `roles`
  MODIFY `id` int(11) NOT NULL AUTO_INCREMENT, AUTO_INCREMENT=5;

--
-- AUTO_INCREMENT for table `services`
--
ALTER TABLE `services`
  MODIFY `id` int(11) NOT NULL AUTO_INCREMENT, AUTO_INCREMENT=11;

--
-- AUTO_INCREMENT for table `service_categories`
--
ALTER TABLE `service_categories`
  MODIFY `id` int(11) NOT NULL AUTO_INCREMENT, AUTO_INCREMENT=6;

--
-- AUTO_INCREMENT for table `service_category_map`
--
ALTER TABLE `service_category_map`
  MODIFY `id` int(11) NOT NULL AUTO_INCREMENT, AUTO_INCREMENT=11;

--
-- AUTO_INCREMENT for table `staff`
--
ALTER TABLE `staff`
  MODIFY `id` int(11) NOT NULL AUTO_INCREMENT, AUTO_INCREMENT=4;

--
-- AUTO_INCREMENT for table `staff_exceptions`
--
ALTER TABLE `staff_exceptions`
  MODIFY `id` int(11) NOT NULL AUTO_INCREMENT;

--
-- AUTO_INCREMENT for table `staff_services`
--
ALTER TABLE `staff_services`
  MODIFY `id` int(11) NOT NULL AUTO_INCREMENT, AUTO_INCREMENT=17;

--
-- AUTO_INCREMENT for table `staff_working_hours`
--
ALTER TABLE `staff_working_hours`
  MODIFY `id` int(11) NOT NULL AUTO_INCREMENT, AUTO_INCREMENT=22;

--
-- AUTO_INCREMENT for table `temporary_closed_periods`
--
ALTER TABLE `temporary_closed_periods`
  MODIFY `id` int(11) NOT NULL AUTO_INCREMENT;

--
-- AUTO_INCREMENT for table `tokens`
--
ALTER TABLE `tokens`
  MODIFY `id` int(11) NOT NULL AUTO_INCREMENT, AUTO_INCREMENT=8;

--
-- AUTO_INCREMENT for table `two_factor_recovery_codes`
--
ALTER TABLE `two_factor_recovery_codes`
  MODIFY `id` int(11) NOT NULL AUTO_INCREMENT;

--
-- AUTO_INCREMENT for table `users`
--
ALTER TABLE `users`
  MODIFY `id` int(11) NOT NULL AUTO_INCREMENT, AUTO_INCREMENT=28;

--
-- AUTO_INCREMENT for table `user_x_role`
--
ALTER TABLE `user_x_role`
  MODIFY `id` int(11) NOT NULL AUTO_INCREMENT, AUTO_INCREMENT=34;

--
-- Constraints for dumped tables
--

--
-- Constraints for table `appointments`
--
ALTER TABLE `appointments`
  ADD CONSTRAINT `appointments_ibfk_1` FOREIGN KEY (`company_id`) REFERENCES `companies` (`id`),
  ADD CONSTRAINT `appointments_ibfk_2` FOREIGN KEY (`service_id`) REFERENCES `services` (`id`),
  ADD CONSTRAINT `appointments_ibfk_3` FOREIGN KEY (`staff_id`) REFERENCES `staff` (`id`),
  ADD CONSTRAINT `appointments_ibfk_4` FOREIGN KEY (`client_id`) REFERENCES `users` (`id`),
  ADD CONSTRAINT `appointments_ibfk_5` FOREIGN KEY (`cancelled_by`) REFERENCES `users` (`id`);

--
-- Constraints for table `audit_logs`
--
ALTER TABLE `audit_logs`
  ADD CONSTRAINT `audit_logs_ibfk_1` FOREIGN KEY (`performed_by_user_id`) REFERENCES `users` (`id`),
  ADD CONSTRAINT `audit_logs_ibfk_2` FOREIGN KEY (`company_id`) REFERENCES `companies` (`id`),
  ADD CONSTRAINT `fk_audit_affected_user` FOREIGN KEY (`affected_entity_id`) REFERENCES `users` (`id`),
  ADD CONSTRAINT `fk_audit_performed_by` FOREIGN KEY (`performed_by_user_id`) REFERENCES `users` (`id`);

--
-- Constraints for table `companies`
--
ALTER TABLE `companies`
  ADD CONSTRAINT `companies_ibfk_1` FOREIGN KEY (`owner_id`) REFERENCES `users` (`id`),
  ADD CONSTRAINT `fk_companies_business_category` FOREIGN KEY (`business_category_id`) REFERENCES `business_categories` (`id`);

--
-- Constraints for table `favorites`
--
ALTER TABLE `favorites`
  ADD CONSTRAINT `favorites_ibfk_1` FOREIGN KEY (`user_id`) REFERENCES `users` (`id`) ON DELETE CASCADE,
  ADD CONSTRAINT `favorites_ibfk_2` FOREIGN KEY (`company_id`) REFERENCES `companies` (`id`) ON DELETE CASCADE;

--
-- Constraints for table `images`
--
ALTER TABLE `images`
  ADD CONSTRAINT `images_ibfk_1` FOREIGN KEY (`company_id`) REFERENCES `companies` (`id`),
  ADD CONSTRAINT `images_ibfk_2` FOREIGN KEY (`user_id`) REFERENCES `users` (`id`);

--
-- Constraints for table `notification_settings`
--
ALTER TABLE `notification_settings`
  ADD CONSTRAINT `notification_settings_ibfk_1` FOREIGN KEY (`user_id`) REFERENCES `users` (`id`);

--
-- Constraints for table `opening_hours`
--
ALTER TABLE `opening_hours`
  ADD CONSTRAINT `opening_hours_ibfk_1` FOREIGN KEY (`company_id`) REFERENCES `companies` (`id`);

--
-- Constraints for table `pending_staff`
--
ALTER TABLE `pending_staff`
  ADD CONSTRAINT `fk_pending_staff_company` FOREIGN KEY (`company_id`) REFERENCES `companies` (`id`),
  ADD CONSTRAINT `fk_pending_staff_token` FOREIGN KEY (`token_id`) REFERENCES `tokens` (`id`) ON DELETE CASCADE,
  ADD CONSTRAINT `fk_pending_staff_user` FOREIGN KEY (`user_id`) REFERENCES `users` (`id`) ON DELETE SET NULL;

--
-- Constraints for table `reviews`
--
ALTER TABLE `reviews`
  ADD CONSTRAINT `reviews_ibfk_1` FOREIGN KEY (`company_id`) REFERENCES `companies` (`id`),
  ADD CONSTRAINT `reviews_ibfk_2` FOREIGN KEY (`client_id`) REFERENCES `users` (`id`),
  ADD CONSTRAINT `reviews_ibfk_3` FOREIGN KEY (`appointment_id`) REFERENCES `appointments` (`id`);

--
-- Constraints for table `services`
--
ALTER TABLE `services`
  ADD CONSTRAINT `services_ibfk_1` FOREIGN KEY (`company_id`) REFERENCES `companies` (`id`);

--
-- Constraints for table `service_categories`
--
ALTER TABLE `service_categories`
  ADD CONSTRAINT `service_categories_ibfk_1` FOREIGN KEY (`company_id`) REFERENCES `companies` (`id`);

--
-- Constraints for table `service_category_map`
--
ALTER TABLE `service_category_map`
  ADD CONSTRAINT `service_category_map_ibfk_1` FOREIGN KEY (`service_id`) REFERENCES `services` (`id`),
  ADD CONSTRAINT `service_category_map_ibfk_2` FOREIGN KEY (`category_id`) REFERENCES `service_categories` (`id`);

--
-- Constraints for table `staff`
--
ALTER TABLE `staff`
  ADD CONSTRAINT `staff_ibfk_1` FOREIGN KEY (`user_id`) REFERENCES `users` (`id`),
  ADD CONSTRAINT `staff_ibfk_2` FOREIGN KEY (`company_id`) REFERENCES `companies` (`id`);

--
-- Constraints for table `staff_exceptions`
--
ALTER TABLE `staff_exceptions`
  ADD CONSTRAINT `staff_exceptions_ibfk_1` FOREIGN KEY (`staff_id`) REFERENCES `staff` (`id`);

--
-- Constraints for table `staff_services`
--
ALTER TABLE `staff_services`
  ADD CONSTRAINT `staff_services_ibfk_1` FOREIGN KEY (`staff_id`) REFERENCES `staff` (`id`),
  ADD CONSTRAINT `staff_services_ibfk_2` FOREIGN KEY (`service_id`) REFERENCES `services` (`id`);

--
-- Constraints for table `staff_working_hours`
--
ALTER TABLE `staff_working_hours`
  ADD CONSTRAINT `staff_working_hours_ibfk_1` FOREIGN KEY (`staff_id`) REFERENCES `staff` (`id`);

--
-- Constraints for table `temporary_closed_periods`
--
ALTER TABLE `temporary_closed_periods`
  ADD CONSTRAINT `temporary_closed_periods_ibfk_1` FOREIGN KEY (`company_id`) REFERENCES `companies` (`id`);

--
-- Constraints for table `tokens`
--
ALTER TABLE `tokens`
  ADD CONSTRAINT `tokens_ibfk_1` FOREIGN KEY (`user_id`) REFERENCES `users` (`id`) ON DELETE CASCADE;

--
-- Constraints for table `two_factor_recovery_codes`
--
ALTER TABLE `two_factor_recovery_codes`
  ADD CONSTRAINT `two_factor_recovery_codes_ibfk_1` FOREIGN KEY (`user_id`) REFERENCES `users` (`id`) ON DELETE CASCADE;

--
-- Constraints for table `users`
--
ALTER TABLE `users`
  ADD CONSTRAINT `fk_users_company_id` FOREIGN KEY (`company_id`) REFERENCES `companies` (`id`);

--
-- Constraints for table `user_x_role`
--
ALTER TABLE `user_x_role`
  ADD CONSTRAINT `user_x_role_ibfk_1` FOREIGN KEY (`user_id`) REFERENCES `users` (`id`),
  ADD CONSTRAINT `user_x_role_ibfk_2` FOREIGN KEY (`role_id`) REFERENCES `roles` (`id`);
--
-- Database: `jax_rs_api_teszt_db`
--
DROP DATABASE IF EXISTS `jax_rs_api_teszt_db`;
CREATE DATABASE IF NOT EXISTS `jax_rs_api_teszt_db` DEFAULT CHARACTER SET utf8 COLLATE utf8_general_ci;
USE `jax_rs_api_teszt_db`;

-- --------------------------------------------------------

--
-- Table structure for table `role`
--

CREATE TABLE `role` (
  `id` int(11) NOT NULL,
  `name` varchar(50) NOT NULL,
  `created_at` datetime NOT NULL DEFAULT CURRENT_TIMESTAMP,
  `deleted_at` datetime DEFAULT NULL,
  `is_deleted` tinyint(1) NOT NULL DEFAULT '0'
) ENGINE=InnoDB DEFAULT CHARSET=utf8mb4;

--
-- Dumping data for table `role`
--

INSERT INTO `role` (`id`, `name`, `created_at`, `deleted_at`, `is_deleted`) VALUES
(1, 'superadmin', '2025-09-02 14:16:34', NULL, 0),
(2, 'admin', '2025-09-30 13:18:09', NULL, 0);

-- --------------------------------------------------------

--
-- Table structure for table `user`
--

CREATE TABLE `user` (
  `id` int(11) NOT NULL,
  `first_name` varchar(100) NOT NULL,
  `last_name` varchar(100) NOT NULL,
  `img` varchar(255) NOT NULL DEFAULT 'default_path',
  `email` varchar(100) NOT NULL,
  `password` mediumtext,
  `auth_secret` varchar(16) NOT NULL,
  `phone` varchar(30) NOT NULL,
  `guid` varchar(64) DEFAULT NULL,
  `created_at` datetime NOT NULL DEFAULT CURRENT_TIMESTAMP,
  `deleted_at` datetime DEFAULT NULL,
  `is_deleted` tinyint(1) NOT NULL DEFAULT '0',
  `last_login` datetime DEFAULT NULL,
  `register_finished_at` datetime DEFAULT NULL,
  `reg_token` varchar(64) NOT NULL
) ENGINE=InnoDB DEFAULT CHARSET=utf8mb4;

--
-- Dumping data for table `user`
--

INSERT INTO `user` (`id`, `first_name`, `last_name`, `img`, `email`, `password`, `auth_secret`, `phone`, `guid`, `created_at`, `deleted_at`, `is_deleted`, `last_login`, `register_finished_at`, `reg_token`) VALUES
(1, 'Update', 'Teszt', 'default_path', 'updateteszt@gmail.com', '23c263996bfa5ed7cb9fcc53437b5c86b251b701ae30bcf64530a007567ea58c', 'sdgdwg', '+3654263636', 'wegsnvpwdjpiwhnfp', '2025-08-19 14:18:34', NULL, 0, NULL, '2025-09-23 13:27:24', 'sdgpwinbpwknvwprjf'),
(24, 'teszt', 'user', 'default_path', 'tesztuser@gmail.com', '23c263996bfa5ed7cb9fcc53437b5c86b251b701ae30bcf64530a007567ea58c', '-', '+367043643', 'ebe3d240-7f47-11f0-9b6d-a67f882d48e1', '2025-08-22 13:05:32', NULL, 0, NULL, '2025-09-23 13:27:30', 'ebe3d24a-7f47-11f0-9b6d-a67f882d48e1'),
(25, 'Postman', 'Teszt', 'default_path', 'postmanteszt@gmail.com', '23c263996bfa5ed7cb9fcc53437b5c86b251b701ae30bcf64530a007567ea58c', '-', '+3654263636', '2d156344-7f4f-11f0-9b6d-a67f882d48e1', '2025-08-22 13:57:28', NULL, 0, '2025-11-18 11:15:17', '2025-09-23 13:27:33', '2d156345-7f4f-11f0-9b6d-a67f882d48e1'),
(26, 'Teszt', 'User 0', 'default_path', 'tesztuser0@gmail.com', '23c263996bfa5ed7cb9fcc53437b5c86b251b701ae30bcf64530a007567ea58c', '-', '+36705364 0', 'd7f99a06-b964-11f0-9101-452e16e63e83', '2025-11-04 10:58:41', NULL, 0, NULL, NULL, 'd7f99a07-b964-11f0-9101-452e16e63e83'),
(27, 'Teszt', 'User 1', 'default_path', 'tesztuser1@gmail.com', '23c263996bfa5ed7cb9fcc53437b5c86b251b701ae30bcf64530a007567ea58c', '-', '+36705364 1', 'd7fc8b12-b964-11f0-9101-452e16e63e83', '2025-11-04 10:58:42', NULL, 0, NULL, NULL, 'd7fc8b1c-b964-11f0-9101-452e16e63e83'),
(28, 'Teszt', 'User 2', 'default_path', 'tesztuser2@gmail.com', '23c263996bfa5ed7cb9fcc53437b5c86b251b701ae30bcf64530a007567ea58c', '-', '+36705364 2', 'd8080168-b964-11f0-9101-452e16e63e83', '2025-11-04 10:58:42', NULL, 0, NULL, NULL, 'd8080172-b964-11f0-9101-452e16e63e83'),
(29, 'Teszt', 'User 3', 'default_path', 'tesztuser3@gmail.com', '23c263996bfa5ed7cb9fcc53437b5c86b251b701ae30bcf64530a007567ea58c', '-', '+36705364 3', 'd80dd3e0-b964-11f0-9101-452e16e63e83', '2025-11-04 10:58:42', NULL, 0, NULL, NULL, 'd80dd3ea-b964-11f0-9101-452e16e63e83'),
(30, 'Teszt', 'User 4', 'default_path', 'tesztuser4@gmail.com', '23c263996bfa5ed7cb9fcc53437b5c86b251b701ae30bcf64530a007567ea58c', '-', '+36705364 4', 'd811cfea-b964-11f0-9101-452e16e63e83', '2025-11-04 10:58:42', NULL, 0, NULL, NULL, 'd811cff4-b964-11f0-9101-452e16e63e83'),
(31, 'Teszt', 'User 5', 'default_path', 'tesztuser5@gmail.com', '23c263996bfa5ed7cb9fcc53437b5c86b251b701ae30bcf64530a007567ea58c', '-', '+36705364 5', 'd814bf0c-b964-11f0-9101-452e16e63e83', '2025-11-04 10:58:42', NULL, 0, NULL, NULL, 'd814bf16-b964-11f0-9101-452e16e63e83'),
(32, 'Teszt', 'User 6', 'default_path', 'tesztuser6@gmail.com', '23c263996bfa5ed7cb9fcc53437b5c86b251b701ae30bcf64530a007567ea58c', '-', '+36705364 6', 'd818c124-b964-11f0-9101-452e16e63e83', '2025-11-04 10:58:42', NULL, 0, NULL, NULL, 'd818c12e-b964-11f0-9101-452e16e63e83'),
(33, 'Teszt', 'User 7', 'default_path', 'tesztuser7@gmail.com', '23c263996bfa5ed7cb9fcc53437b5c86b251b701ae30bcf64530a007567ea58c', '-', '+36705364 7', 'd81d6990-b964-11f0-9101-452e16e63e83', '2025-11-04 10:58:42', NULL, 0, NULL, NULL, 'd81d699a-b964-11f0-9101-452e16e63e83'),
(34, 'Teszt', 'User 8', 'default_path', 'tesztuser8@gmail.com', '23c263996bfa5ed7cb9fcc53437b5c86b251b701ae30bcf64530a007567ea58c', '-', '+36705364 8', 'd821c332-b964-11f0-9101-452e16e63e83', '2025-11-04 10:58:42', NULL, 0, NULL, NULL, 'd821c33c-b964-11f0-9101-452e16e63e83'),
(35, 'Teszt', 'User 9', 'default_path', 'tesztuser9@gmail.com', '23c263996bfa5ed7cb9fcc53437b5c86b251b701ae30bcf64530a007567ea58c', '-', '+36705364 9', 'd825d8a0-b964-11f0-9101-452e16e63e83', '2025-11-04 10:58:42', NULL, 0, NULL, NULL, 'd825d8a1-b964-11f0-9101-452e16e63e83'),
(36, 'Teszt', 'User 10', 'default_path', 'tesztuser10@gmail.com', '23c263996bfa5ed7cb9fcc53437b5c86b251b701ae30bcf64530a007567ea58c', '-', '+36705364 10', 'd829c956-b964-11f0-9101-452e16e63e83', '2025-11-04 10:58:42', NULL, 0, NULL, NULL, 'd829c960-b964-11f0-9101-452e16e63e83'),
(37, 'Teszt', 'User 11', 'default_path', 'tesztuser11@gmail.com', '23c263996bfa5ed7cb9fcc53437b5c86b251b701ae30bcf64530a007567ea58c', '-', '+36705364 11', 'd82e7afa-b964-11f0-9101-452e16e63e83', '2025-11-04 10:58:42', NULL, 0, NULL, NULL, 'd82e7b04-b964-11f0-9101-452e16e63e83'),
(38, 'Teszt', 'User 12', 'default_path', 'tesztuser12@gmail.com', '23c263996bfa5ed7cb9fcc53437b5c86b251b701ae30bcf64530a007567ea58c', '-', '+36705364 12', 'd8345d30-b964-11f0-9101-452e16e63e83', '2025-11-04 10:58:42', NULL, 0, NULL, NULL, 'd8345d31-b964-11f0-9101-452e16e63e83'),
(39, 'Teszt', 'User 13', 'default_path', 'tesztuser13@gmail.com', '23c263996bfa5ed7cb9fcc53437b5c86b251b701ae30bcf64530a007567ea58c', '-', '+36705364 13', 'd838c726-b964-11f0-9101-452e16e63e83', '2025-11-04 10:58:42', NULL, 0, NULL, NULL, 'd838c730-b964-11f0-9101-452e16e63e83'),
(40, 'Teszt', 'User 14', 'default_path', 'tesztuser14@gmail.com', '23c263996bfa5ed7cb9fcc53437b5c86b251b701ae30bcf64530a007567ea58c', '-', '+36705364 14', 'd83b6f80-b964-11f0-9101-452e16e63e83', '2025-11-04 10:58:42', NULL, 0, NULL, NULL, 'd83b6f81-b964-11f0-9101-452e16e63e83'),
(41, 'Teszt', 'User 15', 'default_path', 'tesztuser15@gmail.com', '23c263996bfa5ed7cb9fcc53437b5c86b251b701ae30bcf64530a007567ea58c', '-', '+36705364 15', 'd83e57f4-b964-11f0-9101-452e16e63e83', '2025-11-04 10:58:42', NULL, 0, NULL, NULL, 'd83e57f5-b964-11f0-9101-452e16e63e83'),
(42, 'Teszt', 'User 16', 'default_path', 'tesztuser16@gmail.com', '23c263996bfa5ed7cb9fcc53437b5c86b251b701ae30bcf64530a007567ea58c', '-', '+36705364 16', 'd840e820-b964-11f0-9101-452e16e63e83', '2025-11-04 10:58:42', NULL, 0, NULL, NULL, 'd840e821-b964-11f0-9101-452e16e63e83'),
(43, 'Teszt', 'User 17', 'default_path', 'tesztuser17@gmail.com', '23c263996bfa5ed7cb9fcc53437b5c86b251b701ae30bcf64530a007567ea58c', '-', '+36705364 17', 'd842f8d6-b964-11f0-9101-452e16e63e83', '2025-11-04 10:58:42', NULL, 0, NULL, NULL, 'd842f8e0-b964-11f0-9101-452e16e63e83'),
(44, 'Teszt', 'User 18', 'default_path', 'tesztuser18@gmail.com', '23c263996bfa5ed7cb9fcc53437b5c86b251b701ae30bcf64530a007567ea58c', '-', '+36705364 18', 'd8459c4e-b964-11f0-9101-452e16e63e83', '2025-11-04 10:58:42', NULL, 0, NULL, NULL, 'd8459c4f-b964-11f0-9101-452e16e63e83'),
(45, 'Teszt', 'User 19', 'default_path', 'tesztuser19@gmail.com', '23c263996bfa5ed7cb9fcc53437b5c86b251b701ae30bcf64530a007567ea58c', '-', '+36705364 19', 'd848903e-b964-11f0-9101-452e16e63e83', '2025-11-04 10:58:42', NULL, 0, NULL, NULL, 'd848903f-b964-11f0-9101-452e16e63e83'),
(46, 'Teszt', 'User 20', 'default_path', 'tesztuser20@gmail.com', '23c263996bfa5ed7cb9fcc53437b5c86b251b701ae30bcf64530a007567ea58c', '-', '+36705364 20', 'fc027b60-b965-11f0-9101-452e16e63e83', '2025-11-04 11:06:51', NULL, 0, NULL, NULL, 'fc027b61-b965-11f0-9101-452e16e63e83'),
(47, 'Teszt', 'User 21', 'default_path', 'tesztuser21@gmail.com', '23c263996bfa5ed7cb9fcc53437b5c86b251b701ae30bcf64530a007567ea58c', '-', '+36705364 21', 'fc049dfa-b965-11f0-9101-452e16e63e83', '2025-11-04 11:06:51', NULL, 0, NULL, NULL, 'fc049dfb-b965-11f0-9101-452e16e63e83'),
(48, 'Teszt', 'User 22', 'default_path', 'tesztuser22@gmail.com', '23c263996bfa5ed7cb9fcc53437b5c86b251b701ae30bcf64530a007567ea58c', '-', '+36705364 22', 'fc10b450-b965-11f0-9101-452e16e63e83', '2025-11-04 11:06:52', NULL, 0, NULL, NULL, 'fc10b451-b965-11f0-9101-452e16e63e83'),
(49, 'Teszt', 'User 23', 'default_path', 'tesztuser23@gmail.com', '23c263996bfa5ed7cb9fcc53437b5c86b251b701ae30bcf64530a007567ea58c', '-', '+36705364 23', 'fc164c9e-b965-11f0-9101-452e16e63e83', '2025-11-04 11:06:52', NULL, 0, NULL, NULL, 'fc164c9f-b965-11f0-9101-452e16e63e83'),
(50, 'Teszt', 'User 24', 'default_path', 'tesztuser24@gmail.com', '23c263996bfa5ed7cb9fcc53437b5c86b251b701ae30bcf64530a007567ea58c', '-', '+36705364 24', 'fc1a1806-b965-11f0-9101-452e16e63e83', '2025-11-04 11:06:52', NULL, 0, NULL, NULL, 'fc1a1807-b965-11f0-9101-452e16e63e83'),
(51, 'Teszt', 'User 25', 'default_path', 'tesztuser25@gmail.com', '23c263996bfa5ed7cb9fcc53437b5c86b251b701ae30bcf64530a007567ea58c', '-', '+36705364 25', 'fc1e0a7e-b965-11f0-9101-452e16e63e83', '2025-11-04 11:06:52', NULL, 0, NULL, NULL, 'fc1e0a7f-b965-11f0-9101-452e16e63e83'),
(52, 'Teszt', 'User 26', 'default_path', 'tesztuser26@gmail.com', '23c263996bfa5ed7cb9fcc53437b5c86b251b701ae30bcf64530a007567ea58c', '-', '+36705364 26', 'fc22695c-b965-11f0-9101-452e16e63e83', '2025-11-04 11:06:52', NULL, 0, NULL, NULL, 'fc226966-b965-11f0-9101-452e16e63e83'),
(53, 'Teszt', 'User 27', 'default_path', 'tesztuser27@gmail.com', '23c263996bfa5ed7cb9fcc53437b5c86b251b701ae30bcf64530a007567ea58c', '-', '+36705364 27', 'fc272050-b965-11f0-9101-452e16e63e83', '2025-11-04 11:06:52', NULL, 0, NULL, NULL, 'fc27205a-b965-11f0-9101-452e16e63e83'),
(54, 'Teszt', 'User 28', 'default_path', 'tesztuser28@gmail.com', '23c263996bfa5ed7cb9fcc53437b5c86b251b701ae30bcf64530a007567ea58c', '-', '+36705364 28', 'fc2a97ee-b965-11f0-9101-452e16e63e83', '2025-11-04 11:06:52', NULL, 0, NULL, NULL, 'fc2a97f8-b965-11f0-9101-452e16e63e83'),
(55, 'Teszt', 'User 29', 'default_path', 'tesztuser29@gmail.com', '23c263996bfa5ed7cb9fcc53437b5c86b251b701ae30bcf64530a007567ea58c', '-', '+36705364 29', 'fc2ebb94-b965-11f0-9101-452e16e63e83', '2025-11-04 11:06:52', NULL, 0, NULL, NULL, 'fc2ebb95-b965-11f0-9101-452e16e63e83'),
(56, 'Teszt', 'User 30', 'default_path', 'tesztuser30@gmail.com', '23c263996bfa5ed7cb9fcc53437b5c86b251b701ae30bcf64530a007567ea58c', '-', '+36705364 30', 'fc32d97c-b965-11f0-9101-452e16e63e83', '2025-11-04 11:06:52', NULL, 0, NULL, NULL, 'fc32d986-b965-11f0-9101-452e16e63e83'),
(57, 'Teszt', 'User 31', 'default_path', 'tesztuser31@gmail.com', '23c263996bfa5ed7cb9fcc53437b5c86b251b701ae30bcf64530a007567ea58c', '-', '+36705364 31', 'fc369eb8-b965-11f0-9101-452e16e63e83', '2025-11-04 11:06:52', NULL, 0, NULL, NULL, 'fc369ec2-b965-11f0-9101-452e16e63e83'),
(58, 'Teszt', 'User 32', 'default_path', 'tesztuser32@gmail.com', '23c263996bfa5ed7cb9fcc53437b5c86b251b701ae30bcf64530a007567ea58c', '-', '+36705364 32', 'fc3a8e92-b965-11f0-9101-452e16e63e83', '2025-11-04 11:06:52', NULL, 0, NULL, NULL, 'fc3a8e9c-b965-11f0-9101-452e16e63e83'),
(59, 'Teszt', 'User 33', 'default_path', 'tesztuser33@gmail.com', '23c263996bfa5ed7cb9fcc53437b5c86b251b701ae30bcf64530a007567ea58c', '-', '+36705364 33', 'fc3ddcb4-b965-11f0-9101-452e16e63e83', '2025-11-04 11:06:52', NULL, 0, NULL, NULL, 'fc3ddcbe-b965-11f0-9101-452e16e63e83'),
(60, 'Teszt', 'User 34', 'default_path', 'tesztuser34@gmail.com', '23c263996bfa5ed7cb9fcc53437b5c86b251b701ae30bcf64530a007567ea58c', '-', '+36705364 34', 'fc40776c-b965-11f0-9101-452e16e63e83', '2025-11-04 11:06:52', NULL, 0, NULL, NULL, 'fc40776d-b965-11f0-9101-452e16e63e83'),
(61, 'Teszt', 'User 35', 'default_path', 'tesztuser35@gmail.com', '23c263996bfa5ed7cb9fcc53437b5c86b251b701ae30bcf64530a007567ea58c', '-', '+36705364 35', 'fc447eac-b965-11f0-9101-452e16e63e83', '2025-11-04 11:06:52', NULL, 0, NULL, NULL, 'fc447eb6-b965-11f0-9101-452e16e63e83'),
(62, 'Teszt', 'User 36', 'default_path', 'tesztuser36@gmail.com', '23c263996bfa5ed7cb9fcc53437b5c86b251b701ae30bcf64530a007567ea58c', '-', '+36705364 36', 'fc47e2ea-b965-11f0-9101-452e16e63e83', '2025-11-04 11:06:52', NULL, 0, NULL, NULL, 'fc47e2f4-b965-11f0-9101-452e16e63e83'),
(63, 'Teszt', 'User 37', 'default_path', 'tesztuser37@gmail.com', '23c263996bfa5ed7cb9fcc53437b5c86b251b701ae30bcf64530a007567ea58c', '-', '+36705364 37', 'fc4a652e-b965-11f0-9101-452e16e63e83', '2025-11-04 11:06:52', NULL, 0, NULL, NULL, 'fc4a6538-b965-11f0-9101-452e16e63e83'),
(64, 'Teszt', 'User 38', 'default_path', 'tesztuser38@gmail.com', '23c263996bfa5ed7cb9fcc53437b5c86b251b701ae30bcf64530a007567ea58c', '-', '+36705364 38', 'fc4d555e-b965-11f0-9101-452e16e63e83', '2025-11-04 11:06:52', NULL, 0, NULL, NULL, 'fc4d555f-b965-11f0-9101-452e16e63e83'),
(65, 'Teszt', 'User 39', 'default_path', 'tesztuser39@gmail.com', '23c263996bfa5ed7cb9fcc53437b5c86b251b701ae30bcf64530a007567ea58c', '-', '+36705364 39', 'fc4fab92-b965-11f0-9101-452e16e63e83', '2025-11-04 11:06:52', NULL, 0, NULL, NULL, 'fc4fab9c-b965-11f0-9101-452e16e63e83');

-- --------------------------------------------------------

--
-- Table structure for table `user_x_role`
--

CREATE TABLE `user_x_role` (
  `id` int(11) NOT NULL,
  `user_id` int(11) NOT NULL,
  `role_id` int(11) NOT NULL
) ENGINE=InnoDB DEFAULT CHARSET=utf8mb4;

--
-- Dumping data for table `user_x_role`
--

INSERT INTO `user_x_role` (`id`, `user_id`, `role_id`) VALUES
(1, 103, 4),
(2, 24, 5);

--
-- Indexes for dumped tables
--

--
-- Indexes for table `role`
--
ALTER TABLE `role`
  ADD PRIMARY KEY (`id`);

--
-- Indexes for table `user`
--
ALTER TABLE `user`
  ADD PRIMARY KEY (`id`),
  ADD UNIQUE KEY `email` (`email`),
  ADD KEY `email_2` (`email`),
  ADD KEY `id` (`id`),
  ADD KEY `first_name` (`first_name`),
  ADD KEY `last_name` (`last_name`);

--
-- Indexes for table `user_x_role`
--
ALTER TABLE `user_x_role`
  ADD PRIMARY KEY (`id`),
  ADD KEY `user_id` (`user_id`),
  ADD KEY `role_id` (`role_id`);

--
-- AUTO_INCREMENT for dumped tables
--

--
-- AUTO_INCREMENT for table `role`
--
ALTER TABLE `role`
  MODIFY `id` int(11) NOT NULL AUTO_INCREMENT, AUTO_INCREMENT=3;

--
-- AUTO_INCREMENT for table `user`
--
ALTER TABLE `user`
  MODIFY `id` int(11) NOT NULL AUTO_INCREMENT, AUTO_INCREMENT=66;

--
-- AUTO_INCREMENT for table `user_x_role`
--
ALTER TABLE `user_x_role`
  MODIFY `id` int(11) NOT NULL AUTO_INCREMENT, AUTO_INCREMENT=3;
--
-- Database: `monkey_db`
--
DROP DATABASE IF EXISTS `monkey_db`;
CREATE DATABASE IF NOT EXISTS `monkey_db` DEFAULT CHARACTER SET utf8 COLLATE utf8_general_ci;
USE `monkey_db`;

-- --------------------------------------------------------

--
-- Table structure for table `monkey`
--

CREATE TABLE `monkey` (
  `id` int(11) NOT NULL,
  `name` varchar(100) NOT NULL,
  `birth_date` date DEFAULT NULL,
  `color` varchar(50) NOT NULL
) ENGINE=InnoDB DEFAULT CHARSET=utf8;

--
-- Dumping data for table `monkey`
--

INSERT INTO `monkey` (`id`, `name`, `birth_date`, `color`) VALUES
(1, 'Bongo', '2012-03-14', 'barna'),
(2, 'Lulu', '2015-07-02', 'szürke'),
(3, 'Koko', '2010-11-29', 'fekete'),
(4, 'Momo', '2018-05-21', 'arany'),
(5, 'Zazu', '2013-09-10', 'ezüst'),
(6, 'Tiki', '2011-01-05', 'piros'),
(7, 'Jambo', '2016-04-18', 'narancs'),
(8, 'Riri', '2014-02-27', 'fehér'),
(9, 'Bibi', '2019-08-30', 'zöld'),
(10, 'Nono', '2009-12-12', 'kék');

--
-- Indexes for dumped tables
--

--
-- Indexes for table `monkey`
--
ALTER TABLE `monkey`
  ADD PRIMARY KEY (`id`);

--
-- AUTO_INCREMENT for dumped tables
--

--
-- AUTO_INCREMENT for table `monkey`
--
ALTER TABLE `monkey`
  MODIFY `id` int(11) NOT NULL AUTO_INCREMENT, AUTO_INCREMENT=11;
COMMIT;

/*!40101 SET CHARACTER_SET_CLIENT=@OLD_CHARACTER_SET_CLIENT */;
/*!40101 SET CHARACTER_SET_RESULTS=@OLD_CHARACTER_SET_RESULTS */;
/*!40101 SET COLLATION_CONNECTION=@OLD_COLLATION_CONNECTION */;
